window_idx,measurement_idx,measurement_value
1,0,0.000000
1,1,-0.265000
1,2,-0.044000
1,3,-1.370000
1,4,4.154000
1,5,0.221000
1,6,-0.044000
1,7,0.000000
1,8,18.429000
1,9,0.133000
1,10,-1.105000
1,11,-0.221000
1,12,-2.696000
1,13,-1.105000
1,14,2.166000
1,15,0.177000
1,16,0.309000
1,17,-0.442000
1,18,0.133000
1,19,0.265000
1,20,2.121000
1,21,4.198000
1,22,0.177000
1,23,0.663000
1,24,-0.354000
1,25,-2.828000
1,26,0.354000
1,27,-1.237000
1,28,2.828000
1,29,5.701000
1,30,0.354000
1,31,0.309000
2,0,0.000000
2,1,0.088000
2,2,0.309000
2,3,0.398000
2,4,-1.061000
2,5,0.133000
2,6,0.663000
2,7,0.354000
2,8,4.287000
2,9,-0.221000
2,10,-5.878000
2,11,-0.575000
2,12,-0.133000
2,13,0.575000
2,14,-0.928000
2,15,0.707000
2,16,0.884000
2,17,-2.342000
2,18,-0.619000
2,19,0.044000
2,20,1.635000
2,21,2.652000
2,22,-0.221000
2,23,-0.177000
2,24,0.133000
2,25,-0.133000
2,26,-0.133000
2,27,0.221000
2,28,-0.840000
2,29,-1.591000
2,30,0.486000
2,31,0.265000
3,0,0.000000
3,1,0.110000
3,2,0.552000
3,3,-0.773000
3,4,-0.243000
3,5,0.066000
3,6,-0.420000
3,7,-0.287000
3,8,1.304000
3,9,-0.155000
3,10,-2.011000
3,11,0.508000
3,12,0.243000
3,13,0.155000
3,14,-0.066000
3,15,-0.552000
3,16,0.950000
3,17,-3.204000
3,18,0.729000
3,19,0.641000
3,20,1.260000
3,21,1.481000
3,22,-0.508000
3,23,0.066000
3,24,-0.376000
3,25,1.304000
3,26,0.110000
3,27,-0.199000
3,28,0.376000
3,29,-1.171000
3,30,0.110000
3,31,-0.773000
4,0,-0.000000
4,1,1.149000
4,2,-0.044000
4,3,0.088000
4,4,-0.619000
4,5,0.884000
4,6,-0.751000
4,7,0.133000
4,8,-13.479000
4,9,-0.619000
4,10,-1.635000
4,11,-0.354000
4,12,0.177000
4,13,0.133000
4,14,-0.884000
4,15,0.354000
4,16,0.221000
4,17,1.105000
4,18,1.016000
4,19,0.088000
4,20,1.149000
4,21,3.138000
4,22,0.398000
4,23,0.442000
4,24,0.486000
4,25,-0.088000
4,26,0.044000
4,27,0.972000
4,28,-1.635000
4,29,-3.977000
4,30,0.354000
4,31,-0.928000
5,0,0.000000
5,1,0.530000
5,2,-0.265000
5,3,0.354000
5,4,-0.265000
5,5,-0.000000
5,6,-0.619000
5,7,-0.265000
5,8,-12.286000
5,9,-0.000000
5,10,-1.503000
5,11,-0.088000
5,12,0.530000
5,13,0.265000
5,14,0.354000
5,15,0.265000
5,16,-0.221000
5,17,1.016000
5,18,-0.044000
5,19,0.398000
5,20,0.221000
5,21,-1.105000
5,22,-0.133000
5,23,0.840000
5,24,-0.133000
5,25,-2.166000
5,26,-0.133000
5,27,0.133000
5,28,0.398000
5,29,-0.398000
5,30,0.133000
5,31,0.221000
6,0,-0.000000
6,1,0.795000
6,2,-0.088000
6,3,0.663000
6,4,-2.740000
6,5,0.088000
6,6,0.972000
6,7,-0.088000
6,8,-9.899000
6,9,-0.354000
6,10,-1.193000
6,11,0.309000
6,12,1.370000
6,13,0.088000
6,14,-0.000000
6,15,0.177000
6,16,0.354000
6,17,-1.282000
6,18,0.133000
6,19,0.133000
6,20,-0.044000
6,21,1.061000
6,22,-0.265000
6,23,0.265000
6,24,-0.619000
6,25,-0.840000
6,26,0.133000
6,27,-0.044000
6,28,-0.044000
6,29,1.326000
6,30,-0.354000
6,31,-0.000000
7,0,0.000000
7,1,0.420000
7,2,0.641000
7,3,0.773000
7,4,-1.746000
7,5,0.243000
7,6,-0.464000
7,7,0.199000
7,8,-0.729000
7,9,-0.022000
7,10,-2.497000
7,11,-0.729000
7,12,0.729000
7,13,-0.420000
7,14,0.729000
7,15,0.243000
7,16,0.420000
7,17,-0.066000
7,18,0.243000
7,19,0.110000
7,20,-0.022000
7,21,-0.420000
7,22,-0.110000
7,23,0.110000
7,24,-0.199000
7,25,-2.055000
7,26,-0.022000
7,27,-0.243000
7,28,0.110000
7,29,0.066000
7,30,-0.243000
7,31,-0.110000
8,0,-0.000000
8,1,-1.414000
8,2,0.133000
8,3,1.149000
8,4,-5.745000
8,5,-0.221000
8,6,1.635000
8,7,-0.795000
8,8,9.016000
8,9,-0.265000
8,10,-4.729000
8,11,-0.133000
8,12,1.370000
8,13,-0.000000
8,14,-0.442000
8,15,0.928000
8,16,0.221000
8,17,-1.812000
8,18,-0.177000
8,19,0.398000
8,20,0.663000
8,21,1.282000
8,22,0.000000
8,23,-0.354000
8,24,0.044000
8,25,0.530000
8,26,-0.088000
8,27,-0.354000
8,28,0.088000
8,29,-1.149000
8,30,-0.398000
8,31,-0.530000
9,0,-0.000000
9,1,0.928000
9,2,-0.575000
9,3,0.354000
9,4,-1.547000
9,5,-0.088000
9,6,0.840000
9,7,-0.000000
9,8,-17.413000
9,9,-0.663000
9,10,-1.061000
9,11,-0.044000
9,12,0.928000
9,13,0.088000
9,14,-0.309000
9,15,-0.442000
9,16,-0.044000
9,17,1.414000
9,18,-1.458000
9,19,0.398000
9,20,0.663000
9,21,2.077000
9,22,-0.177000
9,23,0.133000
9,24,0.309000
9,25,-1.326000
9,26,0.044000
9,27,-0.000000
9,28,1.193000
9,29,1.016000
9,30,-0.177000
9,31,-0.530000
10,0,-0.000000
10,1,-1.304000
10,2,0.155000
10,3,0.597000
10,4,-1.613000
10,5,0.287000
10,6,-0.331000
10,7,-0.110000
10,8,11.071000
10,9,0.022000
10,10,-3.469000
10,11,0.155000
10,12,0.287000
10,13,-0.464000
10,14,1.127000
10,15,-0.243000
10,16,0.685000
10,17,-2.232000
10,18,-0.597000
10,19,0.066000
10,20,-0.420000
10,21,1.348000
10,22,-0.641000
10,23,-0.066000
10,24,0.597000
10,25,-0.950000
10,26,-0.685000
10,27,0.773000
10,28,-0.287000
10,29,-0.287000
10,30,0.199000
10,31,-0.110000
11,0,-0.000000
11,1,0.287000
11,2,0.110000
11,3,-1.525000
11,4,5.149000
11,5,-0.243000
11,6,0.552000
11,7,0.464000
11,8,2.099000
11,9,-0.199000
11,10,-2.276000
11,11,-0.508000
11,12,-1.127000
11,13,-0.376000
11,14,2.188000
11,15,0.508000
11,16,-0.331000
11,17,0.331000
11,18,-0.376000
11,19,-0.287000
11,20,0.773000
11,21,1.436000
11,22,-0.862000
11,23,-0.552000
11,24,-0.199000
11,25,4.795000
11,26,0.818000
11,27,-0.066000
11,28,0.818000
11,29,0.862000
11,30,-0.376000
11,31,0.155000
12,0,-0.000000
12,1,-0.530000
12,2,-0.044000
12,3,0.442000
12,4,-2.873000
12,5,-0.309000
12,6,-0.088000
12,7,-0.265000
12,8,8.353000
12,9,0.530000
12,10,1.679000
12,11,-0.221000
12,12,-0.354000
12,13,0.354000
12,14,0.486000
12,15,0.133000
12,16,1.061000
12,17,-1.900000
12,18,0.398000
12,19,-0.177000
12,20,-0.486000
12,21,-1.635000
12,22,0.309000
12,23,-0.309000
12,24,-0.354000
12,25,1.945000
12,26,0.398000
12,27,-0.309000
12,28,0.619000
12,29,0.354000
12,30,0.000000
12,31,-1.016000
13,0,-0.000000
13,1,-1.016000
13,2,0.354000
13,3,-0.044000
13,4,-0.088000
13,5,0.398000
13,6,0.044000
13,7,-0.442000
13,8,13.700000
13,9,0.177000
13,10,3.977000
13,11,0.442000
13,12,-0.221000
13,13,0.751000
13,14,-0.928000
13,15,0.530000
13,16,0.309000
13,17,0.265000
13,18,0.309000
13,19,-0.265000
13,20,1.016000
13,21,3.270000
13,22,-0.133000
13,23,0.221000
13,24,-0.177000
13,25,-0.884000
13,26,-0.619000
13,27,-0.575000
13,28,0.928000
13,29,0.619000
13,30,-0.663000
13,31,-0.442000
14,0,-0.000000
14,1,-0.707000
14,2,-0.354000
14,3,0.044000
14,4,0.088000
14,5,0.619000
14,6,-0.442000
14,7,-0.177000
14,8,11.844000
14,9,0.177000
14,10,4.287000
14,11,0.133000
14,12,-0.486000
14,13,0.177000
14,14,-0.265000
14,15,-0.530000
14,16,-0.309000
14,17,0.088000
14,18,0.619000
14,19,-0.619000
14,20,0.265000
14,21,1.812000
14,22,0.663000
14,23,0.928000
14,24,-0.486000
14,25,-2.828000
14,26,-0.442000
14,27,-0.442000
14,28,1.326000
14,29,2.342000
14,30,0.840000
14,31,0.751000
15,0,-0.000000
15,1,-0.199000
15,2,-0.287000
15,3,-0.641000
15,4,1.392000
15,5,-0.022000
15,6,-0.641000
15,7,-0.110000
15,8,-4.044000
15,9,0.287000
15,10,1.525000
15,11,0.376000
15,12,0.552000
15,13,0.464000
15,14,-0.950000
15,15,0.022000
15,16,-0.155000
15,17,2.232000
15,18,0.287000
15,19,0.552000
15,20,0.818000
15,21,1.701000
15,22,-0.155000
15,23,-0.022000
15,24,0.066000
15,25,-0.729000
15,26,0.155000
15,27,-0.022000
15,28,-0.641000
15,29,1.127000
15,30,-0.464000
15,31,0.862000
16,0,0.000000
16,1,-0.508000
16,2,-0.729000
16,3,-0.199000
16,4,1.171000
16,5,0.155000
16,6,-0.552000
16,7,-0.420000
16,8,3.204000
16,9,0.022000
16,10,3.027000
16,11,0.110000
16,12,0.110000
16,13,0.906000
16,14,-1.127000
16,15,-0.376000
16,16,0.022000
16,17,-0.818000
16,18,0.464000
16,19,-0.199000
16,20,0.685000
16,21,2.497000
16,22,-0.110000
16,23,0.862000
16,24,-0.508000
16,25,-1.922000
16,26,0.199000
16,27,-0.331000
16,28,0.994000
16,29,2.188000
16,30,0.552000
16,31,0.066000
17,0,-0.000000
17,1,-0.331000
17,2,-0.155000
17,3,-0.287000
17,4,-1.260000
17,5,0.508000
17,6,-1.171000
17,7,-0.464000
17,8,8.021000
17,9,0.243000
17,10,2.276000
17,11,-0.022000
17,12,-0.950000
17,13,0.287000
17,14,-0.243000
17,15,0.199000
17,16,-0.420000
17,17,1.525000
17,18,0.552000
17,19,0.199000
17,20,0.773000
17,21,0.155000
17,22,-0.641000
17,23,0.155000
17,24,0.066000
17,25,-0.906000
17,26,-0.376000
17,27,0.022000
17,28,0.199000
17,29,-0.331000
17,30,0.022000
17,31,0.022000
18,0,-0.000000
18,1,-0.265000
18,2,-0.486000
18,3,-0.221000
18,4,-1.812000
18,5,0.751000
18,6,-1.061000
18,7,0.530000
18,8,2.519000
18,9,0.177000
18,10,2.873000
18,11,0.265000
18,12,-0.398000
18,13,0.442000
18,14,-0.486000
18,15,0.133000
18,16,0.530000
18,17,-2.652000
18,18,-0.088000
18,19,-0.663000
18,20,0.442000
18,21,1.016000
18,22,0.575000
18,23,-0.044000
18,24,-0.884000
18,25,-0.928000
18,26,-0.177000
18,27,-0.972000
18,28,0.663000
18,29,2.475000
18,30,0.884000
18,31,-0.133000
19,0,0.000000
19,1,0.110000
19,2,0.243000
19,3,0.287000
19,4,-0.066000
19,5,0.110000
19,6,-1.083000
19,7,-0.287000
19,8,-1.790000
19,9,0.199000
19,10,2.099000
19,11,-0.155000
19,12,-0.420000
19,13,0.508000
19,14,-1.215000
19,15,0.287000
19,16,-0.199000
19,17,-0.464000
19,18,-0.110000
19,19,0.110000
19,20,0.287000
19,21,1.392000
19,22,-0.552000
19,23,-0.155000
19,24,-0.022000
19,25,1.083000
19,26,-0.110000
19,27,-0.243000
19,28,0.508000
19,29,0.994000
19,30,-0.243000
19,31,0.243000
20,0,-0.000000
20,1,0.751000
20,2,0.000000
20,3,0.133000
20,4,0.663000
20,5,-0.221000
20,6,1.591000
20,7,-0.265000
20,8,-14.010000
20,9,-0.088000
20,10,1.989000
20,11,-0.177000
20,12,1.061000
20,13,-0.486000
20,14,-0.088000
20,15,0.530000
20,16,0.265000
20,17,-1.326000
20,18,-0.088000
20,19,-0.221000
20,20,0.133000
20,21,-0.354000
20,22,-0.000000
20,23,-0.088000
20,24,0.133000
20,25,0.530000
20,26,0.575000
20,27,0.265000
20,28,0.044000
20,29,-0.000000
20,30,0.177000
20,31,0.398000
21,0,0.000000
21,1,0.552000
21,2,0.066000
21,3,-0.155000
21,4,-0.287000
21,5,0.066000
21,6,0.022000
21,7,0.110000
21,8,-10.805000
21,9,0.199000
21,10,0.199000
21,11,-0.199000
21,12,0.729000
21,13,0.110000
21,14,-0.110000
21,15,-0.376000
21,16,0.376000
21,17,-1.348000
21,18,0.420000
21,19,0.376000
21,20,-0.287000
21,21,-0.376000
21,22,-0.110000
21,23,0.243000
21,24,-0.155000
21,25,-0.155000
21,26,-0.376000
21,27,0.066000
21,28,0.641000
21,29,0.110000
21,30,0.022000
21,31,-0.199000
22,0,0.000000
22,1,0.575000
22,2,0.928000
22,3,-0.354000
22,4,1.149000
22,5,-0.575000
22,6,0.530000
22,7,-0.221000
22,8,-10.032000
22,9,0.088000
22,10,-1.061000
22,11,-0.221000
22,12,0.707000
22,13,-0.177000
22,14,0.133000
22,15,-0.177000
22,16,0.575000
22,17,-0.044000
22,18,0.177000
22,19,0.088000
22,20,-0.928000
22,21,-0.530000
22,22,0.575000
22,23,0.530000
22,24,-0.265000
22,25,-1.326000
22,26,-0.398000
22,27,-0.398000
22,28,1.149000
22,29,0.221000
22,30,0.177000
22,31,-0.088000
23,0,0.000000
23,1,-0.508000
23,2,0.066000
23,3,0.155000
23,4,-1.304000
23,5,-0.155000
23,6,0.420000
23,7,0.066000
23,8,-5.812000
23,9,-0.199000
23,10,0.066000
23,11,0.287000
23,12,0.994000
23,13,0.287000
23,14,0.420000
23,15,-0.022000
23,16,0.641000
23,17,0.508000
23,18,-0.376000
23,19,0.464000
23,20,0.110000
23,21,0.110000
23,22,0.287000
23,23,0.287000
23,24,0.420000
23,25,-0.994000
23,26,0.287000
23,27,-0.199000
23,28,0.376000
23,29,-0.155000
23,30,0.464000
23,31,-0.287000
24,0,-0.000000
24,1,0.265000
24,2,0.177000
24,3,0.442000
24,4,-1.061000
24,5,0.265000
24,6,-0.354000
24,7,-0.530000
24,8,-6.055000
24,9,0.486000
24,10,-2.166000
24,11,0.044000
24,12,1.193000
24,13,0.044000
24,14,-0.486000
24,15,0.398000
24,16,-0.398000
24,17,0.663000
24,18,-0.751000
24,19,-0.044000
24,20,0.309000
24,21,-0.309000
24,22,-0.044000
24,23,0.619000
24,24,-0.265000
24,25,0.088000
24,26,-0.177000
24,27,-0.000000
24,28,0.088000
24,29,0.795000
24,30,-0.354000
24,31,0.354000
25,0,-0.000000
25,1,0.199000
25,2,-0.376000
25,3,-0.199000
25,4,-0.994000
25,5,0.552000
25,6,-0.597000
25,7,0.066000
25,8,-0.243000
25,9,0.110000
25,10,-2.409000
25,11,-0.376000
25,12,0.287000
25,13,-0.199000
25,14,0.597000
25,15,0.110000
25,16,-0.331000
25,17,-0.155000
25,18,0.685000
25,19,0.464000
25,20,0.243000
25,21,0.950000
25,22,-0.243000
25,23,-0.287000
25,24,0.199000
25,25,0.331000
25,26,0.243000
25,27,0.199000
25,28,-0.685000
25,29,-0.597000
25,30,-0.287000
25,31,-0.597000
26,0,0.000000
26,1,0.177000
26,2,0.442000
26,3,-0.088000
26,4,1.105000
26,5,-0.000000
26,6,-0.221000
26,7,0.442000
26,8,1.326000
26,9,-0.133000
26,10,-2.298000
26,11,0.840000
26,12,-0.884000
26,13,0.133000
26,14,0.265000
26,15,-0.309000
26,16,-0.177000
26,17,1.635000
26,18,-0.265000
26,19,0.707000
26,20,0.133000
26,21,0.663000
26,22,0.177000
26,23,0.398000
26,24,-0.133000
26,25,-0.619000
26,26,-0.133000
26,27,0.044000
26,28,-1.414000
26,29,-2.828000
26,30,-0.663000
26,31,-1.016000
27,0,-0.000000
27,1,0.575000
27,2,0.044000
27,3,-0.663000
27,4,3.270000
27,5,-0.309000
27,6,1.061000
27,7,0.044000
27,8,4.817000
27,9,0.530000
27,10,-2.342000
27,11,-0.265000
27,12,-1.016000
27,13,0.619000
27,14,-1.370000
27,15,0.354000
27,16,-0.000000
27,17,0.221000
27,18,0.442000
27,19,0.354000
27,20,0.133000
27,21,-1.635000
27,22,-0.354000
27,23,0.221000
27,24,0.044000
27,25,-0.354000
27,26,-0.221000
27,27,0.044000
27,28,-0.177000
27,29,1.503000
27,30,0.221000
27,31,0.575000
28,0,0.000000
28,1,0.663000
28,2,-0.044000
28,3,0.398000
28,4,-2.784000
28,5,0.265000
28,6,-0.398000
28,7,0.530000
28,8,-15.512000
28,9,-0.442000
28,10,1.768000
28,11,-0.044000
28,12,-1.282000
28,13,-0.751000
28,14,0.707000
28,15,-0.751000
28,16,-0.177000
28,17,-0.530000
28,18,0.044000
28,19,0.221000
28,20,-0.309000
28,21,-0.884000
28,22,-0.221000
28,23,-0.309000
28,24,-0.398000
28,25,2.873000
28,26,-0.442000
28,27,-0.398000
28,28,0.884000
28,29,1.193000
28,30,0.000000
28,31,-0.530000
29,0,-0.000000
29,1,0.442000
29,2,-0.354000
29,3,-0.354000
29,4,1.061000
29,5,0.751000
29,6,-0.795000
29,7,-0.044000
29,8,-7.336000
29,9,0.398000
29,10,4.640000
29,11,0.177000
29,12,0.354000
29,13,0.442000
29,14,-1.370000
29,15,-0.265000
29,16,-0.309000
29,17,0.751000
29,18,0.530000
29,19,0.354000
29,20,-0.530000
29,21,0.575000
29,22,-0.265000
29,23,0.795000
29,24,0.354000
29,25,-1.679000
29,26,0.486000
29,27,-0.530000
29,28,-0.133000
29,29,1.237000
29,30,-0.133000
29,31,0.133000
30,0,0.000000
30,1,0.950000
30,2,-0.729000
30,3,-0.331000
30,4,0.950000
30,5,-0.199000
30,6,0.331000
30,7,0.243000
30,8,-18.363000
30,9,0.022000
30,10,1.127000
30,11,-0.199000
30,12,0.420000
30,13,-0.155000
30,14,0.376000
30,15,-0.066000
30,16,-0.110000
30,17,-2.011000
30,18,-0.243000
30,19,-0.508000
30,20,-0.331000
30,21,-1.260000
30,22,0.597000
30,23,0.199000
30,24,0.287000
30,25,0.155000
30,26,0.243000
30,27,0.685000
30,28,-0.110000
30,29,-0.773000
30,30,0.022000
30,31,-0.243000
31,0,-0.000000
31,1,0.619000
31,2,-0.309000
31,3,0.354000
31,4,-1.812000
31,5,0.044000
31,6,0.177000
31,7,-0.619000
31,8,-9.369000
31,9,-0.221000
31,10,-0.663000
31,11,-0.530000
31,12,0.575000
31,13,0.486000
31,14,-0.442000
31,15,0.619000
31,16,0.354000
31,17,0.221000
31,18,0.221000
31,19,0.619000
31,20,-0.398000
31,21,-0.663000
31,22,-0.398000
31,23,0.177000
31,24,0.133000
31,25,-1.105000
31,26,-0.354000
31,27,-0.354000
31,28,0.398000
31,29,1.105000
31,30,0.398000
31,31,-0.265000
32,0,-0.000000
32,1,0.155000
32,2,0.597000
32,3,0.464000
32,4,-2.497000
32,5,-0.464000
32,6,-0.022000
32,7,0.155000
32,8,-11.645000
32,9,-0.243000
32,10,-3.558000
32,11,-0.287000
32,12,0.773000
32,13,-0.066000
32,14,0.022000
32,15,0.022000
32,16,-0.287000
32,17,-2.453000
32,18,-0.243000
32,19,-0.420000
32,20,0.287000
32,21,0.597000
32,22,-0.022000
32,23,0.022000
32,24,0.287000
32,25,0.862000
32,26,1.304000
32,27,-0.022000
32,28,-0.287000
32,29,-0.508000
32,30,-0.597000
32,31,-0.155000
33,0,0.000000
33,1,-0.133000
33,2,-0.398000
33,3,-0.044000
33,4,0.177000
33,5,0.663000
33,6,-0.795000
33,7,-0.486000
33,8,-4.508000
33,9,-0.398000
33,10,-3.005000
33,11,0.486000
33,12,0.088000
33,13,-0.398000
33,14,0.530000
33,15,0.133000
33,16,0.398000
33,17,1.591000
33,18,0.309000
33,19,0.309000
33,20,0.707000
33,21,0.884000
33,22,-0.221000
33,23,-0.751000
33,24,-0.309000
33,25,0.442000
33,26,0.309000
33,27,0.398000
33,28,-0.972000
33,29,-0.884000
33,30,-0.221000
33,31,0.221000
34,0,-0.000000
34,1,-0.884000
34,2,0.221000
34,3,-0.133000
34,4,0.840000
34,5,-0.530000
34,6,0.619000
34,7,0.221000
34,8,6.497000
34,9,-0.044000
34,10,-4.950000
34,11,-0.088000
34,12,-1.105000
34,13,0.177000
34,14,-0.354000
34,15,0.133000
34,16,-0.575000
34,17,2.519000
34,18,-0.707000
34,19,-0.398000
34,20,-0.442000
34,21,0.177000
34,22,-0.663000
34,23,0.309000
34,24,0.530000
34,25,-1.193000
34,26,-0.309000
34,27,-0.000000
34,28,0.707000
34,29,1.768000
34,30,1.282000
34,31,-0.088000
35,0,-0.000000
35,1,0.663000
35,2,0.398000
35,3,0.840000
35,4,-1.724000
35,5,-0.221000
35,6,-0.663000
35,7,-0.133000
35,8,3.315000
35,9,0.309000
35,10,-2.077000
35,11,0.044000
35,12,-1.900000
35,13,-0.044000
35,14,0.221000
35,15,-0.133000
35,16,0.486000
35,17,-1.635000
35,18,0.751000
35,19,-0.486000
35,20,-0.840000
35,21,-1.282000
35,22,0.309000
35,23,0.221000
35,24,-0.044000
35,25,-2.431000
35,26,-0.398000
35,27,0.044000
35,28,-0.309000
35,29,0.133000
35,30,0.309000
35,31,0.221000
36,0,0.000000
36,1,0.486000
36,2,0.044000
36,3,0.265000
36,4,-0.619000
36,5,0.044000
36,6,0.707000
36,7,-0.133000
36,8,1.061000
36,9,0.486000
36,10,-1.105000
36,11,-0.354000
36,12,-2.254000
36,13,0.221000
36,14,-0.265000
36,15,-0.133000
36,16,-0.044000
36,17,-0.663000
36,18,0.000000
36,19,0.619000
36,20,0.133000
36,21,0.795000
36,22,-0.133000
36,23,-0.663000
36,24,-0.133000
36,25,1.635000
36,26,0.530000
36,27,-0.177000
36,28,0.928000
36,29,1.061000
36,30,-0.309000
36,31,-0.575000
37,0,0.000000
37,1,0.221000
37,2,0.000000
37,3,0.088000
37,4,0.442000
37,5,0.044000
37,6,-0.928000
37,7,0.177000
37,8,-9.458000
37,9,0.088000
37,10,0.575000
37,11,-0.575000
37,12,-0.177000
37,13,0.486000
37,14,-1.724000
37,15,-0.088000
37,16,-0.442000
37,17,-1.061000
37,18,-0.133000
37,19,-0.884000
37,20,0.133000
37,21,-0.663000
37,22,-0.177000
37,23,0.354000
37,24,-0.309000
37,25,0.265000
37,26,-0.265000
37,27,-0.044000
37,28,-0.309000
37,29,-1.105000
37,30,-0.265000
37,31,-0.398000
38,0,-0.000000
38,1,0.309000
38,2,-0.000000
38,3,0.575000
38,4,-3.359000
38,5,0.000000
38,6,-0.486000
38,7,-0.221000
38,8,-5.259000
38,9,-0.177000
38,10,-3.889000
38,11,-0.133000
38,12,1.414000
38,13,-0.619000
38,14,1.105000
38,15,-0.044000
38,16,0.177000
38,17,0.309000
38,18,0.309000
38,19,-0.177000
38,20,-0.221000
38,21,0.398000
38,22,-0.575000
38,23,-0.265000
38,24,0.221000
38,25,0.398000
38,26,0.177000
38,27,-0.000000
38,28,0.309000
38,29,-0.751000
38,30,0.221000
38,31,0.088000
39,0,0.000000
39,1,-0.309000
39,2,-0.177000
39,3,-0.751000
39,4,0.972000
39,5,-0.751000
39,6,1.547000
39,7,0.088000
39,8,5.966000
39,9,-0.221000
39,10,-1.547000
39,11,0.398000
39,12,-0.795000
39,13,-0.265000
39,14,0.088000
39,15,0.133000
39,16,0.619000
39,17,-0.928000
39,18,0.530000
39,19,-0.221000
39,20,0.354000
39,21,0.840000
39,22,-0.265000
39,23,-0.575000
39,24,0.088000
39,25,0.619000
39,26,-0.088000
39,27,-0.044000
39,28,0.486000
39,29,1.061000
39,30,-0.840000
39,31,0.530000
40,0,0.000000
40,1,-0.133000
40,2,0.354000
40,3,0.309000
40,4,-1.768000
40,5,0.265000
40,6,0.221000
40,7,-0.133000
40,8,4.861000
40,9,0.398000
40,10,2.607000
40,11,0.265000
40,12,-1.193000
40,13,-0.309000
40,14,-0.000000
40,15,-0.530000
40,16,-0.221000
40,17,1.237000
40,18,-0.177000
40,19,0.221000
40,20,0.530000
40,21,0.530000
40,22,0.000000
40,23,-0.530000
40,24,0.133000
40,25,1.282000
40,26,-0.619000
40,27,-0.088000
40,28,-0.751000
40,29,-0.575000
40,30,-0.044000
40,31,0.265000
41,0,-0.000000
41,1,-0.199000
41,2,0.243000
41,3,-0.066000
41,4,0.287000
41,5,0.331000
41,6,0.022000
41,7,-0.199000
41,8,6.740000
41,9,-0.376000
41,10,3.513000
41,11,0.906000
41,12,-0.641000
41,13,0.155000
41,14,-0.155000
41,15,-0.022000
41,16,0.022000
41,17,-0.773000
41,18,0.862000
41,19,-0.641000
41,20,0.994000
41,21,2.188000
41,22,0.110000
41,23,-0.155000
41,24,-0.331000
41,25,0.464000
41,26,-0.110000
41,27,-0.199000
41,28,0.729000
41,29,2.099000
41,30,-0.155000
41,31,0.110000
42,0,-0.000000
42,1,-0.685000
42,2,-0.022000
42,3,0.110000
42,4,-0.243000
42,5,0.552000
42,6,-1.525000
42,7,0.155000
42,8,4.972000
42,9,0.155000
42,10,1.613000
42,11,-0.110000
42,12,-0.022000
42,13,0.552000
42,14,-1.613000
42,15,-0.022000
42,16,-0.243000
42,17,-0.243000
42,18,0.376000
42,19,-0.464000
42,20,0.597000
42,21,-0.331000
42,22,0.199000
42,23,-0.066000
42,24,-0.376000
42,25,0.552000
42,26,0.066000
42,27,-0.243000
42,28,0.155000
42,29,0.994000
42,30,0.199000
42,31,-0.110000
43,0,-0.000000
43,1,-0.707000
43,2,-0.309000
43,3,-0.177000
43,4,1.193000
43,5,0.088000
43,6,-0.088000
43,7,0.044000
43,8,-0.442000
43,9,-0.177000
43,10,2.210000
43,11,-0.177000
43,12,0.309000
43,13,-0.221000
43,14,0.486000
43,15,-0.088000
43,16,0.133000
43,17,-0.442000
43,18,-0.221000
43,19,0.354000
43,20,0.309000
43,21,0.707000
43,22,-0.398000
43,23,-0.354000
43,24,0.044000
43,25,0.575000
43,26,0.309000
43,27,-0.354000
43,28,0.177000
43,29,1.193000
43,30,-0.088000
43,31,0.398000
44,0,-0.000000
44,1,-0.508000
44,2,-0.597000
44,3,-0.862000
44,4,2.099000
44,5,0.199000
44,6,0.331000
44,7,0.464000
44,8,-1.569000
44,9,0.066000
44,10,2.939000
44,11,0.243000
44,12,1.083000
44,13,-0.022000
44,14,-0.773000
44,15,0.597000
44,16,-0.066000
44,17,0.773000
44,18,-0.243000
44,19,0.729000
44,20,0.243000
44,21,1.215000
44,22,0.022000
44,23,0.066000
44,24,-0.022000
44,25,0.906000
44,26,-0.022000
44,27,-0.022000
44,28,-0.155000
44,29,0.464000
44,30,-0.199000
44,31,0.066000
45,0,0.000000
45,1,-0.287000
45,2,-0.243000
45,3,-0.420000
45,4,1.348000
45,5,0.331000
45,6,-0.022000
45,7,0.729000
45,8,-4.662000
45,9,0.022000
45,10,1.657000
45,11,0.155000
45,12,0.376000
45,13,0.155000
45,14,-0.110000
45,15,0.287000
45,16,0.287000
45,17,-2.099000
45,18,0.243000
45,19,0.199000
45,20,0.155000
45,21,-1.171000
45,22,-0.243000
45,23,0.464000
45,24,0.066000
45,25,-1.392000
45,26,-0.243000
45,27,0.155000
45,28,-0.110000
45,29,-0.818000
45,30,-0.243000
45,31,-0.110000
46,0,0.000000
46,1,-0.155000
46,2,-0.376000
46,3,-0.862000
46,4,1.348000
46,5,-0.287000
46,6,0.773000
46,7,0.199000
46,8,-2.895000
46,9,0.464000
46,10,2.630000
46,11,0.243000
46,12,0.862000
46,13,0.199000
46,14,-0.066000
46,15,0.066000
46,16,-0.066000
46,17,0.818000
46,18,0.066000
46,19,0.110000
46,20,-0.331000
46,21,-0.597000
46,22,0.155000
46,23,0.862000
46,24,-0.597000
46,25,-1.613000
46,26,-0.287000
46,27,-0.287000
46,28,0.420000
46,29,1.127000
46,30,-0.243000
46,31,-0.641000
47,0,-0.000000
47,1,-0.110000
47,2,0.199000
47,3,-0.420000
47,4,1.701000
47,5,-0.110000
47,6,-0.199000
47,7,0.464000
47,8,-1.260000
47,9,0.331000
47,10,1.701000
47,11,0.199000
47,12,0.508000
47,13,-0.420000
47,14,-0.243000
47,15,-0.110000
47,16,0.950000
47,17,-1.348000
47,18,-0.508000
47,19,0.508000
47,20,-0.862000
47,21,-1.039000
47,22,-0.022000
47,23,-0.155000
47,24,-0.376000
47,25,-0.597000
47,26,-0.243000
47,27,0.331000
47,28,0.862000
47,29,0.155000
47,30,-0.597000
47,31,-0.552000
48,0,-0.000000
48,1,-0.199000
48,2,-0.110000
48,3,-0.950000
48,4,0.773000
48,5,0.022000
48,6,0.773000
48,7,0.464000
48,8,-1.260000
48,9,0.287000
48,10,2.718000
48,11,0.199000
48,12,0.110000
48,13,-0.464000
48,14,0.641000
48,15,0.420000
48,16,-0.066000
48,17,-0.818000
48,18,-0.331000
48,19,-0.155000
48,20,0.552000
48,21,-0.420000
48,22,-0.552000
48,23,0.685000
48,24,0.066000
48,25,-1.834000
48,26,0.066000
48,27,0.552000
48,28,-0.287000
48,29,-1.260000
48,30,0.110000
48,31,0.022000
49,0,-0.000000
49,1,0.066000
49,2,0.243000
49,3,-0.022000
49,4,2.188000
49,5,-0.420000
49,6,-0.110000
49,7,0.464000
49,8,-3.513000
49,9,0.155000
49,10,2.188000
49,11,-0.066000
49,12,0.906000
49,13,-0.066000
49,14,-0.729000
49,15,0.287000
49,16,0.862000
49,17,-3.381000
49,18,-0.066000
49,19,-0.066000
49,20,-0.508000
49,21,-1.436000
49,22,0.110000
49,23,0.508000
49,24,-0.110000
49,25,-1.083000
49,26,-0.155000
49,27,-0.022000
49,28,-0.950000
49,29,0.331000
49,30,-0.685000
49,31,0.641000
50,0,0.000000
50,1,-0.464000
50,2,0.420000
50,3,-0.508000
50,4,1.171000
50,5,0.110000
50,6,0.022000
50,7,-0.243000
50,8,0.685000
50,9,0.155000
50,10,3.779000
50,11,-0.287000
50,12,0.818000
50,13,-0.155000
50,14,0.110000
50,15,0.376000
50,16,-0.376000
50,17,0.508000
50,18,0.155000
50,19,0.066000
50,20,-0.331000
50,21,0.287000
50,22,-0.155000
50,23,0.508000
50,24,-0.022000
50,25,-1.348000
50,26,0.155000
50,27,-0.066000
50,28,0.287000
50,29,-0.243000
50,30,-1.039000
50,31,-0.331000
