window_idx,axis,measurement_idx,measurement_value
1,ax,0,-0.000000
1,ax,1,-0.005000
1,ax,2,-0.001000
1,ax,3,0.004000
1,ax,4,-0.003000
1,ax,5,-0.006000
1,ax,6,0.012000
1,ax,7,-0.008000
1,ax,8,-0.061000
1,ax,9,-0.000000
1,ax,10,-0.061000
1,ax,11,-0.008000
1,ax,12,0.016000
1,ax,13,0.009000
1,ax,14,0.004000
1,ax,15,-0.008000
1,ax,16,-0.011000
1,ax,17,0.027000
1,ax,18,-0.002000
1,ax,19,-0.004000
1,ax,20,-0.008000
1,ax,21,-0.034000
1,ax,22,0.003000
1,ax,23,-0.008000
1,ax,24,0.011000
1,ax,25,0.058000
1,ax,26,0.012000
1,ax,27,0.002000
1,ax,28,-0.012000
1,ax,29,-0.038000
1,ax,30,-0.013000
1,ax,31,-0.014000
1,ay,0,-0.000000
1,ay,1,0.006000
1,ay,2,-0.007000
1,ay,3,-0.002000
1,ay,4,0.050000
1,ay,5,0.007000
1,ay,6,-0.004000
1,ay,7,0.005000
1,ay,8,-0.045000
1,ay,9,-0.003000
1,ay,10,-0.002000
1,ay,11,-0.004000
1,ay,12,0.027000
1,ay,13,0.013000
1,ay,14,-0.007000
1,ay,15,-0.004000
1,ay,16,0.002000
1,ay,17,-0.027000
1,ay,18,-0.009000
1,ay,19,-0.011000
1,ay,20,0.013000
1,ay,21,0.070000
1,ay,22,-0.002000
1,ay,23,0.005000
1,ay,24,-0.016000
1,ay,25,0.049000
1,ay,26,0.009000
1,ay,27,0.012000
1,ay,28,-0.025000
1,ay,29,-0.061000
1,ay,30,0.015000
1,ay,31,0.000000
1,az,0,-0.000000
1,az,1,-0.004000
1,az,2,-0.026000
1,az,3,-0.014000
1,az,4,0.039000
1,az,5,0.010000
1,az,6,0.014000
1,az,7,-0.002000
1,az,8,-0.041000
1,az,9,0.001000
1,az,10,0.031000
1,az,11,0.006000
1,az,12,0.002000
1,az,13,-0.011000
1,az,14,-0.016000
1,az,15,-0.007000
1,az,16,0.009000
1,az,17,-0.017000
1,az,18,0.016000
1,az,19,0.005000
1,az,20,0.022000
1,az,21,0.080000
1,az,22,-0.013000
1,az,23,0.012000
1,az,24,-0.021000
1,az,25,-0.051000
1,az,26,-0.026000
1,az,27,0.005000
1,az,28,-0.016000
1,az,29,-0.027000
1,az,30,0.008000
1,az,31,0.001000
1,gx,0,0.000000
1,gx,1,0.006000
1,gx,2,0.178000
1,gx,3,0.115000
1,gx,4,-0.130000
1,gx,5,0.082000
1,gx,6,-0.045000
1,gx,7,0.122000
1,gx,8,0.017000
1,gx,9,-0.088000
1,gx,10,0.480000
1,gx,11,0.077000
1,gx,12,-0.564000
1,gx,13,-0.095000
1,gx,14,0.345000
1,gx,15,-0.072000
1,gx,16,0.044000
1,gx,17,0.561000
1,gx,18,0.169000
1,gx,19,0.284000
1,gx,20,0.158000
1,gx,21,0.854000
1,gx,22,0.317000
1,gx,23,0.107000
1,gx,24,0.080000
1,gx,25,-0.577000
1,gx,26,-0.058000
1,gx,27,-0.014000
1,gx,28,-0.006000
1,gx,29,0.270000
1,gx,30,0.351000
1,gx,31,0.067000
1,gy,0,0.000000
1,gy,1,-0.032000
1,gy,2,-0.208000
1,gy,3,-0.073000
1,gy,4,0.032000
1,gy,5,0.120000
1,gy,6,-0.246000
1,gy,7,-0.120000
1,gy,8,-0.200000
1,gy,9,0.004000
1,gy,10,-0.102000
1,gy,11,0.114000
1,gy,12,0.216000
1,gy,13,-0.018000
1,gy,14,-0.087000
1,gy,15,0.177000
1,gy,16,0.114000
1,gy,17,-0.122000
1,gy,18,-0.027000
1,gy,19,0.172000
1,gy,20,-0.093000
1,gy,21,-0.376000
1,gy,22,0.321000
1,gy,23,-0.289000
1,gy,24,-0.159000
1,gy,25,1.922000
1,gy,26,0.305000
1,gy,27,0.042000
1,gy,28,-0.170000
1,gy,29,-0.416000
1,gy,30,-0.410000
1,gy,31,-0.128000
1,gz,0,-0.000000
1,gz,1,0.219000
1,gz,2,0.130000
1,gz,3,0.098000
1,gz,4,-0.276000
1,gz,5,0.033000
1,gz,6,-0.053000
1,gz,7,0.080000
1,gz,8,-2.976000
1,gz,9,-0.035000
1,gz,10,-0.372000
1,gz,11,0.039000
1,gz,12,-0.600000
1,gz,13,0.023000
1,gz,14,-0.006000
1,gz,15,-0.125000
1,gz,16,-0.001000
1,gz,17,0.796000
1,gz,18,0.340000
1,gz,19,0.314000
1,gz,20,0.040000
1,gz,21,0.701000
1,gz,22,0.112000
1,gz,23,0.104000
1,gz,24,0.137000
1,gz,25,-0.924000
1,gz,26,-0.192000
1,gz,27,-0.207000
1,gz,28,0.473000
1,gz,29,1.183000
1,gz,30,0.718000
1,gz,31,0.133000
2,ax,0,-0.000000
2,ax,1,0.010000
2,ax,2,0.004000
2,ax,3,-0.004000
2,ax,4,-0.054000
2,ax,5,0.014000
2,ax,6,-0.006000
2,ax,7,-0.028000
2,ax,8,0.011000
2,ax,9,0.011000
2,ax,10,-0.108000
2,ax,11,-0.025000
2,ax,12,0.031000
2,ax,13,0.001000
2,ax,14,-0.009000
2,ax,15,-0.001000
2,ax,16,-0.001000
2,ax,17,0.007000
2,ax,18,-0.006000
2,ax,19,-0.007000
2,ax,20,-0.026000
2,ax,21,-0.032000
2,ax,22,-0.003000
2,ax,23,0.004000
2,ax,24,-0.003000
2,ax,25,0.011000
2,ax,26,0.015000
2,ax,27,0.008000
2,ax,28,-0.014000
2,ax,29,-0.072000
2,ax,30,-0.038000
2,ax,31,-0.006000
2,ay,0,0.000000
2,ay,1,-0.035000
2,ay,2,-0.033000
2,ay,3,-0.014000
2,ay,4,0.034000
2,ay,5,0.033000
2,ay,6,-0.043000
2,ay,7,-0.016000
2,ay,8,0.845000
2,ay,9,-0.025000
2,ay,10,-0.079000
2,ay,11,-0.026000
2,ay,12,-0.077000
2,ay,13,0.047000
2,ay,14,-0.072000
2,ay,15,0.002000
2,ay,16,-0.058000
2,ay,17,0.261000
2,ay,18,0.046000
2,ay,19,0.010000
2,ay,20,-0.074000
2,ay,21,-0.008000
2,ay,22,0.012000
2,ay,23,-0.012000
2,ay,24,-0.011000
2,ay,25,0.106000
2,ay,26,0.025000
2,ay,27,-0.006000
2,ay,28,-0.059000
2,ay,29,-0.046000
2,ay,30,-0.014000
2,ay,31,-0.003000
2,az,0,-0.000000
2,az,1,-0.038000
2,az,2,-0.051000
2,az,3,0.023000
2,az,4,-0.011000
2,az,5,0.006000
2,az,6,-0.006000
2,az,7,0.020000
2,az,8,0.693000
2,az,9,-0.038000
2,az,10,0.045000
2,az,11,-0.005000
2,az,12,0.008000
2,az,13,0.038000
2,az,14,-0.097000
2,az,15,-0.045000
2,az,16,-0.026000
2,az,17,0.062000
2,az,18,-0.012000
2,az,19,0.032000
2,az,20,0.050000
2,az,21,-0.070000
2,az,22,-0.018000
2,az,23,-0.004000
2,az,24,0.026000
2,az,25,0.021000
2,az,26,-0.005000
2,az,27,-0.017000
2,az,28,0.029000
2,az,29,0.079000
2,az,30,0.001000
2,az,31,0.027000
2,gx,0,0.000000
2,gx,1,-0.348000
2,gx,2,0.009000
2,gx,3,0.892000
2,gx,4,-3.556000
2,gx,5,-1.096000
2,gx,6,2.531000
2,gx,7,0.105000
2,gx,8,1.965000
2,gx,9,-0.576000
2,gx,10,1.047000
2,gx,11,0.871000
2,gx,12,-1.635000
2,gx,13,-0.840000
2,gx,14,1.753000
2,gx,15,-1.359000
2,gx,16,0.614000
2,gx,17,-2.284000
2,gx,18,-0.157000
2,gx,19,0.063000
2,gx,20,-0.619000
2,gx,21,-1.300000
2,gx,22,-0.528000
2,gx,23,1.203000
2,gx,24,0.307000
2,gx,25,-7.075000
2,gx,26,-0.971000
2,gx,27,-0.280000
2,gx,28,0.712000
2,gx,29,2.294000
2,gx,30,0.610000
2,gx,31,0.442000
2,gy,0,0.000000
2,gy,1,-0.184000
2,gy,2,-0.209000
2,gy,3,-0.273000
2,gy,4,2.856000
2,gy,5,0.756000
2,gy,6,-1.457000
2,gy,7,0.723000
2,gy,8,8.279000
2,gy,9,-0.032000
2,gy,10,-1.478000
2,gy,11,0.297000
2,gy,12,-0.465000
2,gy,13,0.137000
2,gy,14,-0.359000
2,gy,15,0.324000
2,gy,16,0.128000
2,gy,17,-1.423000
2,gy,18,0.500000
2,gy,19,-0.357000
2,gy,20,0.584000
2,gy,21,1.301000
2,gy,22,1.196000
2,gy,23,-0.095000
2,gy,24,0.122000
2,gy,25,2.831000
2,gy,26,0.999000
2,gy,27,0.549000
2,gy,28,-1.041000
2,gy,29,-2.895000
2,gy,30,-0.181000
2,gy,31,-0.262000
2,gz,0,-0.000000
2,gz,1,0.084000
2,gz,2,-0.060000
2,gz,3,0.901000
2,gz,4,-4.803000
2,gz,5,-0.672000
2,gz,6,1.349000
2,gz,7,-0.475000
2,gz,8,-3.085000
2,gz,9,-0.242000
2,gz,10,-0.620000
2,gz,11,-0.061000
2,gz,12,-0.830000
2,gz,13,-0.005000
2,gz,14,-0.171000
2,gz,15,-1.002000
2,gz,16,-0.072000
2,gz,17,3.167000
2,gz,18,0.107000
2,gz,19,1.229000
2,gz,20,-0.770000
2,gz,21,-2.076000
2,gz,22,-0.750000
2,gz,23,-0.126000
2,gz,24,-0.245000
2,gz,25,-0.636000
2,gz,26,-0.485000
2,gz,27,0.367000
2,gz,28,-0.628000
2,gz,29,-2.621000
2,gz,30,-0.052000
2,gz,31,-0.524000
3,ax,0,0.000000
3,ax,1,-0.010000
3,ax,2,0.020000
3,ax,3,-0.003000
3,ax,4,-0.010000
3,ax,5,0.004000
3,ax,6,-0.009000
3,ax,7,-0.007000
3,ax,8,0.332000
3,ax,9,-0.004000
3,ax,10,-0.012000
3,ax,11,0.020000
3,ax,12,-0.001000
3,ax,13,-0.014000
3,ax,14,0.024000
3,ax,15,-0.008000
3,ax,16,0.014000
3,ax,17,0.017000
3,ax,18,0.007000
3,ax,19,0.030000
3,ax,20,0.020000
3,ax,21,0.092000
3,ax,22,0.018000
3,ax,23,0.008000
3,ax,24,0.029000
3,ax,25,0.033000
3,ax,26,0.006000
3,ax,27,0.009000
3,ax,28,-0.021000
3,ax,29,-0.041000
3,ax,30,0.017000
3,ax,31,0.003000
3,ay,0,-0.000000
3,ay,1,-0.007000
3,ay,2,-0.021000
3,ay,3,0.001000
3,ay,4,0.007000
3,ay,5,0.000000
3,ay,6,-0.022000
3,ay,7,0.030000
3,ay,8,-0.129000
3,ay,9,0.002000
3,ay,10,-0.028000
3,ay,11,0.022000
3,ay,12,0.023000
3,ay,13,-0.012000
3,ay,14,0.026000
3,ay,15,-0.007000
3,ay,16,-0.001000
3,ay,17,0.008000
3,ay,18,-0.011000
3,ay,19,0.016000
3,ay,20,0.038000
3,ay,21,0.082000
3,ay,22,-0.002000
3,ay,23,-0.003000
3,ay,24,-0.016000
3,ay,25,-0.045000
3,ay,26,0.020000
3,ay,27,0.008000
3,ay,28,-0.004000
3,ay,29,-0.007000
3,ay,30,-0.005000
3,ay,31,-0.009000
3,az,0,-0.000000
3,az,1,0.033000
3,az,2,0.002000
3,az,3,0.003000
3,az,4,-0.020000
3,az,5,-0.001000
3,az,6,0.005000
3,az,7,-0.003000
3,az,8,-0.474000
3,az,9,0.001000
3,az,10,0.020000
3,az,11,-0.017000
3,az,12,0.008000
3,az,13,-0.019000
3,az,14,0.023000
3,az,15,0.032000
3,az,16,-0.011000
3,az,17,-0.059000
3,az,18,-0.000000
3,az,19,-0.021000
3,az,20,0.025000
3,az,21,-0.052000
3,az,22,-0.009000
3,az,23,-0.001000
3,az,24,-0.029000
3,az,25,-0.070000
3,az,26,-0.065000
3,az,27,0.018000
3,az,28,-0.016000
3,az,29,-0.015000
3,az,30,0.016000
3,az,31,-0.005000
3,gx,0,-0.000000
3,gx,1,-0.140000
3,gx,2,-0.003000
3,gx,3,0.065000
3,gx,4,-0.588000
3,gx,5,0.147000
3,gx,6,-0.371000
3,gx,7,-0.099000
3,gx,8,1.831000
3,gx,9,0.076000
3,gx,10,-1.663000
3,gx,11,-0.513000
3,gx,12,0.236000
3,gx,13,0.625000
3,gx,14,-1.355000
3,gx,15,0.210000
3,gx,16,0.002000
3,gx,17,-0.505000
3,gx,18,-0.050000
3,gx,19,-0.219000
3,gx,20,1.009000
3,gx,21,2.062000
3,gx,22,-0.162000
3,gx,23,0.059000
3,gx,24,-0.085000
3,gx,25,-1.340000
3,gx,26,-0.422000
3,gx,27,-0.067000
3,gx,28,0.199000
3,gx,29,-0.331000
3,gx,30,0.071000
3,gx,31,-0.295000
3,gy,0,0.000000
3,gy,1,0.030000
3,gy,2,-0.202000
3,gy,3,0.063000
3,gy,4,-0.281000
3,gy,5,-0.023000
3,gy,6,0.080000
3,gy,7,-0.001000
3,gy,8,3.576000
3,gy,9,-0.096000
3,gy,10,1.472000
3,gy,11,0.067000
3,gy,12,-0.577000
3,gy,13,-0.473000
3,gy,14,1.128000
3,gy,15,-0.332000
3,gy,16,0.245000
3,gy,17,-0.562000
3,gy,18,0.756000
3,gy,19,0.171000
3,gy,20,-0.082000
3,gy,21,-0.799000
3,gy,22,0.177000
3,gy,23,-0.168000
3,gy,24,-0.102000
3,gy,25,0.388000
3,gy,26,-0.196000
3,gy,27,-0.029000
3,gy,28,0.177000
3,gy,29,-0.823000
3,gy,30,-0.284000
3,gy,31,-0.368000
3,gz,0,0.000000
3,gz,1,-0.097000
3,gz,2,0.001000
3,gz,3,0.068000
3,gz,4,-0.909000
3,gz,5,0.703000
3,gz,6,-1.504000
3,gz,7,-0.326000
3,gz,8,1.317000
3,gz,9,0.058000
3,gz,10,-2.020000
3,gz,11,-0.717000
3,gz,12,0.350000
3,gz,13,0.604000
3,gz,14,-1.287000
3,gz,15,0.133000
3,gz,16,0.216000
3,gz,17,-1.423000
3,gz,18,-0.158000
3,gz,19,-0.257000
3,gz,20,1.248000
3,gz,21,2.387000
3,gz,22,-0.416000
3,gz,23,0.042000
3,gz,24,0.046000
3,gz,25,-2.291000
3,gz,26,-0.926000
3,gz,27,0.096000
3,gz,28,-0.167000
3,gz,29,-0.812000
3,gz,30,0.295000
3,gz,31,-0.159000
4,ax,0,-0.000000
4,ax,1,0.004000
4,ax,2,0.024000
4,ax,3,-0.003000
4,ax,4,-0.006000
4,ax,5,-0.002000
4,ax,6,-0.003000
4,ax,7,0.006000
4,ax,8,-0.340000
4,ax,9,-0.022000
4,ax,10,0.011000
4,ax,11,-0.007000
4,ax,12,0.050000
4,ax,13,0.016000
4,ax,14,-0.012000
4,ax,15,-0.012000
4,ax,16,0.011000
4,ax,17,-0.050000
4,ax,18,0.012000
4,ax,19,-0.002000
4,ax,20,-0.021000
4,ax,21,-0.058000
4,ax,22,0.001000
4,ax,23,-0.006000
4,ax,24,0.011000
4,ax,25,-0.001000
4,ax,26,-0.014000
4,ax,27,-0.004000
4,ax,28,0.028000
4,ax,29,0.068000
4,ax,30,-0.001000
4,ax,31,0.011000
4,ay,0,-0.000000
4,ay,1,-0.008000
4,ay,2,0.012000
4,ay,3,0.000000
4,ay,4,-0.005000
4,ay,5,-0.021000
4,ay,6,0.021000
4,ay,7,0.008000
4,ay,8,-0.259000
4,ay,9,-0.009000
4,ay,10,0.175000
4,ay,11,-0.021000
4,ay,12,0.042000
4,ay,13,0.011000
4,ay,14,-0.008000
4,ay,15,-0.016000
4,ay,16,0.024000
4,ay,17,-0.188000
4,ay,18,0.011000
4,ay,19,-0.014000
4,ay,20,0.008000
4,ay,21,-0.026000
4,ay,22,-0.006000
4,ay,23,0.019000
4,ay,24,0.026000
4,ay,25,-0.042000
4,ay,26,0.013000
4,ay,27,0.031000
4,ay,28,-0.039000
4,ay,29,-0.106000
4,ay,30,0.013000
4,ay,31,0.004000
4,az,0,-0.000000
4,az,1,-0.001000
4,az,2,-0.028000
4,az,3,0.014000
4,az,4,-0.019000
4,az,5,0.011000
4,az,6,-0.011000
4,az,7,-0.017000
4,az,8,0.135000
4,az,9,0.021000
4,az,10,-0.001000
4,az,11,0.016000
4,az,12,-0.012000
4,az,13,-0.008000
4,az,14,0.010000
4,az,15,0.002000
4,az,16,0.026000
4,az,17,-0.064000
4,az,18,0.005000
4,az,19,-0.013000
4,az,20,0.025000
4,az,21,-0.019000
4,az,22,-0.002000
4,az,23,0.017000
4,az,24,-0.008000
4,az,25,0.017000
4,az,26,0.034000
4,az,27,-0.010000
4,az,28,-0.011000
4,az,29,0.010000
4,az,30,0.021000
4,az,31,-0.034000
4,gx,0,-0.000000
4,gx,1,0.320000
4,gx,2,-0.074000
4,gx,3,-0.177000
4,gx,4,0.379000
4,gx,5,-0.151000
4,gx,6,0.419000
4,gx,7,-0.118000
4,gx,8,-1.453000
4,gx,9,0.140000
4,gx,10,0.636000
4,gx,11,0.146000
4,gx,12,-0.595000
4,gx,13,-0.281000
4,gx,14,0.608000
4,gx,15,0.313000
4,gx,16,0.205000
4,gx,17,-0.940000
4,gx,18,-0.657000
4,gx,19,0.004000
4,gx,20,0.194000
4,gx,21,0.099000
4,gx,22,-0.009000
4,gx,23,-0.352000
4,gx,24,0.031000
4,gx,25,0.757000
4,gx,26,-0.282000
4,gx,27,0.112000
4,gx,28,-0.238000
4,gx,29,-0.540000
4,gx,30,-0.045000
4,gx,31,-0.071000
4,gy,0,0.000000
4,gy,1,0.014000
4,gy,2,-0.055000
4,gy,3,0.006000
4,gy,4,0.086000
4,gy,5,0.124000
4,gy,6,-0.219000
4,gy,7,0.011000
4,gy,8,-3.244000
4,gy,9,0.127000
4,gy,10,-1.561000
4,gy,11,-0.013000
4,gy,12,0.654000
4,gy,13,0.092000
4,gy,14,-0.207000
4,gy,15,-0.149000
4,gy,16,-0.338000
4,gy,17,1.251000
4,gy,18,0.134000
4,gy,19,-0.053000
4,gy,20,0.417000
4,gy,21,-0.184000
4,gy,22,0.019000
4,gy,23,0.163000
4,gy,24,0.246000
4,gy,25,-0.733000
4,gy,26,-0.035000
4,gy,27,-0.022000
4,gy,28,0.003000
4,gy,29,0.632000
4,gy,30,-0.079000
4,gy,31,0.214000
4,gz,0,0.000000
4,gz,1,0.128000
4,gz,2,-0.136000
4,gz,3,0.197000
4,gz,4,-1.600000
4,gz,5,-0.178000
4,gz,6,0.418000
4,gz,7,-0.404000
4,gz,8,-0.997000
4,gz,9,0.170000
4,gz,10,1.017000
4,gz,11,0.103000
4,gz,12,0.529000
4,gz,13,-0.448000
4,gz,14,0.989000
4,gz,15,0.641000
4,gz,16,0.005000
4,gz,17,0.325000
4,gz,18,-0.429000
4,gz,19,0.133000
4,gz,20,-0.867000
4,gz,21,-1.498000
4,gz,22,-0.071000
4,gz,23,0.021000
4,gz,24,-0.112000
4,gz,25,-0.924000
4,gz,26,-0.368000
4,gz,27,0.007000
4,gz,28,-0.086000
4,gz,29,-0.485000
4,gz,30,0.329000
4,gz,31,-0.187000
5,ax,0,0.000000
5,ax,1,0.007000
5,ax,2,-0.023000
5,ax,3,-0.003000
5,ax,4,0.028000
5,ax,5,-0.006000
5,ax,6,0.006000
5,ax,7,-0.003000
5,ax,8,0.113000
5,ax,9,-0.001000
5,ax,10,0.013000
5,ax,11,0.017000
5,ax,12,-0.003000
5,ax,13,0.011000
5,ax,14,-0.024000
5,ax,15,0.003000
5,ax,16,-0.015000
5,ax,17,0.003000
5,ax,18,-0.015000
5,ax,19,0.003000
5,ax,20,-0.021000
5,ax,21,-0.027000
5,ax,22,0.000000
5,ax,23,-0.009000
5,ax,24,-0.005000
5,ax,25,-0.027000
5,ax,26,-0.007000
5,ax,27,-0.002000
5,ax,28,0.052000
5,ax,29,0.023000
5,ax,30,0.002000
5,ax,31,0.001000
5,ay,0,-0.000000
5,ay,1,0.015000
5,ay,2,0.004000
5,ay,3,-0.008000
5,ay,4,-0.009000
5,ay,5,-0.030000
5,ay,6,0.069000
5,ay,7,-0.018000
5,ay,8,-0.150000
5,ay,9,0.005000
5,ay,10,0.022000
5,ay,11,0.002000
5,ay,12,0.045000
5,ay,13,-0.029000
5,ay,14,0.021000
5,ay,15,-0.014000
5,ay,16,-0.034000
5,ay,17,0.128000
5,ay,18,0.030000
5,ay,19,-0.012000
5,ay,20,-0.092000
5,ay,21,-0.166000
5,ay,22,-0.023000
5,ay,23,-0.000000
5,ay,24,0.051000
5,ay,25,-0.011000
5,ay,26,0.014000
5,ay,27,0.001000
5,ay,28,0.006000
5,ay,29,-0.010000
5,ay,30,0.009000
5,ay,31,-0.023000
5,az,0,-0.000000
5,az,1,0.002000
5,az,2,-0.002000
5,az,3,-0.009000
5,az,4,-0.011000
5,az,5,-0.012000
5,az,6,0.015000
5,az,7,-0.022000
5,az,8,-0.117000
5,az,9,-0.023000
5,az,10,-0.004000
5,az,11,-0.007000
5,az,12,0.001000
5,az,13,0.020000
5,az,14,-0.018000
5,az,15,0.011000
5,az,16,-0.015000
5,az,17,0.126000
5,az,18,0.007000
5,az,19,0.043000
5,az,20,-0.001000
5,az,21,-0.039000
5,az,22,-0.014000
5,az,23,0.016000
5,az,24,0.012000
5,az,25,0.012000
5,az,26,-0.004000
5,az,27,0.008000
5,az,28,-0.014000
5,az,29,-0.017000
5,az,30,0.005000
5,az,31,-0.017000
5,gx,0,-0.000000
5,gx,1,-0.198000
5,gx,2,-0.048000
5,gx,3,-0.313000
5,gx,4,1.889000
5,gx,5,0.105000
5,gx,6,-0.189000
5,gx,7,0.172000
5,gx,8,3.241000
5,gx,9,0.119000
5,gx,10,-0.371000
5,gx,11,-0.144000
5,gx,12,0.151000
5,gx,13,0.066000
5,gx,14,-0.147000
5,gx,15,0.131000
5,gx,16,0.338000
5,gx,17,-2.101000
5,gx,18,0.313000
5,gx,19,-0.280000
5,gx,20,0.080000
5,gx,21,0.008000
5,gx,22,-0.137000
5,gx,23,0.159000
5,gx,24,0.058000
5,gx,25,0.276000
5,gx,26,0.404000
5,gx,27,-0.000000
5,gx,28,-0.109000
5,gx,29,0.611000
5,gx,30,0.265000
5,gx,31,0.222000
5,gy,0,-0.000000
5,gy,1,0.083000
5,gy,2,-0.034000
5,gy,3,-0.142000
5,gy,4,0.800000
5,gy,5,0.160000
5,gy,6,-0.390000
5,gy,7,0.104000
5,gy,8,0.626000
5,gy,9,-0.076000
5,gy,10,0.951000
5,gy,11,0.127000
5,gy,12,-0.103000
5,gy,13,0.207000
5,gy,14,-0.439000
5,gy,15,0.262000
5,gy,16,0.011000
5,gy,17,0.118000
5,gy,18,-0.758000
5,gy,19,0.097000
5,gy,20,0.067000
5,gy,21,-0.413000
5,gy,22,-0.145000
5,gy,23,0.238000
5,gy,24,0.132000
5,gy,25,-1.747000
5,gy,26,-0.392000
5,gy,27,-0.114000
5,gy,28,0.205000
5,gy,29,1.127000
5,gy,30,0.133000
5,gy,31,0.276000
5,gz,0,0.000000
5,gz,1,0.020000
5,gz,2,-0.022000
5,gz,3,-0.195000
5,gz,4,0.818000
5,gz,5,-0.445000
5,gz,6,1.028000
5,gz,7,0.020000
5,gz,8,-0.305000
5,gz,9,0.001000
5,gz,10,-1.987000
5,gz,11,-0.119000
5,gz,12,-0.123000
5,gz,13,-0.231000
5,gz,14,0.631000
5,gz,15,0.033000
5,gz,16,-0.003000
5,gz,17,0.388000
5,gz,18,0.227000
5,gz,19,0.209000
5,gz,20,-0.688000
5,gz,21,-1.708000
5,gz,22,0.083000
5,gz,23,-0.297000
5,gz,24,-0.253000
5,gz,25,2.571000
5,gz,26,0.569000
5,gz,27,-0.431000
5,gz,28,0.803000
5,gz,29,2.344000
5,gz,30,0.394000
5,gz,31,0.313000
6,ax,0,0.000000
6,ax,1,-0.004000
6,ax,2,0.004000
6,ax,3,-0.037000
6,ax,4,0.124000
6,ax,5,0.006000
6,ax,6,0.034000
6,ax,7,0.004000
6,ax,8,-0.031000
6,ax,9,-0.022000
6,ax,10,0.031000
6,ax,11,0.030000
6,ax,12,0.014000
6,ax,13,-0.002000
6,ax,14,0.010000
6,ax,15,0.017000
6,ax,16,-0.006000
6,ax,17,0.022000
6,ax,18,-0.032000
6,ax,19,0.030000
6,ax,20,-0.037000
6,ax,21,-0.072000
6,ax,22,0.011000
6,ax,23,0.016000
6,ax,24,0.015000
6,ax,25,-0.052000
6,ax,26,-0.005000
6,ax,27,0.031000
6,ax,28,-0.022000
6,ax,29,-0.012000
6,ax,30,0.015000
6,ax,31,0.019000
6,ay,0,0.000000
6,ay,1,-0.006000
6,ay,2,0.004000
6,ay,3,0.001000
6,ay,4,0.077000
6,ay,5,0.033000
6,ay,6,-0.028000
6,ay,7,0.006000
6,ay,8,0.092000
6,ay,9,-0.022000
6,ay,10,0.045000
6,ay,11,0.022000
6,ay,12,-0.042000
6,ay,13,0.018000
6,ay,14,-0.023000
6,ay,15,0.002000
6,ay,16,-0.024000
6,ay,17,0.059000
6,ay,18,-0.033000
6,ay,19,0.025000
6,ay,20,-0.019000
6,ay,21,-0.001000
6,ay,22,-0.005000
6,ay,23,0.025000
6,ay,24,-0.007000
6,ay,25,-0.112000
6,ay,26,-0.023000
6,ay,27,0.013000
6,ay,28,-0.006000
6,ay,29,0.039000
6,ay,30,0.006000
6,ay,31,0.016000
6,az,0,0.000000
6,az,1,0.018000
6,az,2,0.012000
6,az,3,0.026000
6,az,4,-0.008000
6,az,5,-0.004000
6,az,6,-0.047000
6,az,7,0.042000
6,az,8,-0.235000
6,az,9,0.019000
6,az,10,0.005000
6,az,11,0.000000
6,az,12,0.011000
6,az,13,-0.021000
6,az,14,0.010000
6,az,15,-0.003000
6,az,16,0.016000
6,az,17,0.010000
6,az,18,-0.005000
6,az,19,-0.001000
6,az,20,-0.004000
6,az,21,0.027000
6,az,22,-0.002000
6,az,23,-0.005000
6,az,24,-0.005000
6,az,25,-0.051000
6,az,26,-0.009000
6,az,27,-0.025000
6,az,28,0.012000
6,az,29,0.002000
6,az,30,0.012000
6,az,31,-0.014000
6,gx,0,0.000000
6,gx,1,0.280000
6,gx,2,-0.004000
6,gx,3,0.106000
6,gx,4,-0.134000
6,gx,5,0.466000
6,gx,6,-1.057000
6,gx,7,0.083000
6,gx,8,-2.692000
6,gx,9,0.090000
6,gx,10,-0.984000
6,gx,11,-0.434000
6,gx,12,-0.099000
6,gx,13,0.021000
6,gx,14,-0.042000
6,gx,15,-0.191000
6,gx,16,0.001000
6,gx,17,0.183000
6,gx,18,0.616000
6,gx,19,0.081000
6,gx,20,-0.026000
6,gx,21,-0.451000
6,gx,22,0.026000
6,gx,23,-0.020000
6,gx,24,0.033000
6,gx,25,0.122000
6,gx,26,-0.012000
6,gx,27,-0.023000
6,gx,28,0.154000
6,gx,29,-0.658000
6,gx,30,0.283000
6,gx,31,-0.342000
6,gy,0,-0.000000
6,gy,1,0.203000
6,gy,2,0.118000
6,gy,3,-0.198000
6,gy,4,2.130000
6,gy,5,-0.637000
6,gy,6,1.378000
6,gy,7,0.601000
6,gy,8,-2.877000
6,gy,9,0.098000
6,gy,10,1.145000
6,gy,11,0.518000
6,gy,12,0.179000
6,gy,13,-0.353000
6,gy,14,0.681000
6,gy,15,-0.009000
6,gy,16,-0.197000
6,gy,17,1.140000
6,gy,18,-0.412000
6,gy,19,0.111000
6,gy,20,-0.694000
6,gy,21,-1.297000
6,gy,22,0.082000
6,gy,23,-0.051000
6,gy,24,0.189000
6,gy,25,0.478000
6,gy,26,0.143000
6,gy,27,-0.268000
6,gy,28,0.544000
6,gy,29,1.196000
6,gy,30,0.148000
6,gy,31,0.041000
6,gz,0,0.000000
6,gz,1,0.552000
6,gz,2,-0.219000
6,gz,3,-0.499000
6,gz,4,2.138000
6,gz,5,1.692000
6,gz,6,-3.649000
6,gz,7,0.087000
6,gz,8,0.667000
6,gz,9,0.102000
6,gz,10,-1.608000
6,gz,11,-0.577000
6,gz,12,-1.766000
6,gz,13,0.010000
6,gz,14,-0.126000
6,gz,15,-0.563000
6,gz,16,0.118000
6,gz,17,0.101000
6,gz,18,0.796000
6,gz,19,0.158000
6,gz,20,0.166000
6,gz,21,0.364000
6,gz,22,0.720000
6,gz,23,0.309000
6,gz,24,-0.268000
6,gz,25,-2.865000
6,gz,26,-0.597000
6,gz,27,0.581000
6,gz,28,-1.241000
6,gz,29,-5.182000
6,gz,30,0.956000
6,gz,31,-1.134000
7,ax,0,-0.000000
7,ax,1,-0.017000
7,ax,2,0.009000
7,ax,3,-0.006000
7,ax,4,0.030000
7,ax,5,0.014000
7,ax,6,-0.011000
7,ax,7,0.004000
7,ax,8,0.203000
7,ax,9,-0.011000
7,ax,10,0.003000
7,ax,11,0.004000
7,ax,12,-0.004000
7,ax,13,-0.004000
7,ax,14,0.015000
7,ax,15,0.004000
7,ax,16,0.015000
7,ax,17,-0.040000
7,ax,18,-0.007000
7,ax,19,0.020000
7,ax,20,0.037000
7,ax,21,0.065000
7,ax,22,-0.002000
7,ax,23,0.007000
7,ax,24,0.001000
7,ax,25,-0.053000
7,ax,26,0.001000
7,ax,27,0.013000
7,ax,28,-0.022000
7,ax,29,0.013000
7,ax,30,0.005000
7,ax,31,0.009000
7,ay,0,0.000000
7,ay,1,0.001000
7,ay,2,-0.004000
7,ay,3,-0.006000
7,ay,4,0.022000
7,ay,5,0.002000
7,ay,6,-0.025000
7,ay,7,-0.007000
7,ay,8,0.111000
7,ay,9,0.010000
7,ay,10,0.000000
7,ay,11,0.006000
7,ay,12,-0.037000
7,ay,13,0.014000
7,ay,14,-0.004000
7,ay,15,0.024000
7,ay,16,0.006000
7,ay,17,-0.046000
7,ay,18,-0.005000
7,ay,19,-0.020000
7,ay,20,-0.008000
7,ay,21,-0.016000
7,ay,22,-0.008000
7,ay,23,0.001000
7,ay,24,0.007000
7,ay,25,-0.022000
7,ay,26,0.004000
7,ay,27,0.009000
7,ay,28,-0.019000
7,ay,29,0.002000
7,ay,30,-0.012000
7,ay,31,0.013000
7,az,0,0.000000
7,az,1,-0.033000
7,az,2,0.022000
7,az,3,0.004000
7,az,4,-0.019000
7,az,5,0.002000
7,az,6,0.025000
7,az,7,-0.007000
7,az,8,0.431000
7,az,9,0.029000
7,az,10,0.014000
7,az,11,0.014000
7,az,12,-0.002000
7,az,13,0.000000
7,az,14,-0.009000
7,az,15,-0.021000
7,az,16,0.002000
7,az,17,-0.007000
7,az,18,0.032000
7,az,19,0.010000
7,az,20,-0.044000
7,az,21,-0.086000
7,az,22,0.013000
7,az,23,0.008000
7,az,24,0.002000
7,az,25,-0.002000
7,az,26,-0.024000
7,az,27,-0.006000
7,az,28,-0.001000
7,az,29,-0.033000
7,az,30,0.016000
7,az,31,-0.024000
7,gx,0,-0.000000
7,gx,1,-0.093000
7,gx,2,-0.101000
7,gx,3,0.011000
7,gx,4,0.121000
7,gx,5,0.048000
7,gx,6,-0.102000
7,gx,7,0.100000
7,gx,8,1.325000
7,gx,9,0.100000
7,gx,10,-0.461000
7,gx,11,-0.040000
7,gx,12,0.155000
7,gx,13,0.108000
7,gx,14,-0.457000
7,gx,15,-0.102000
7,gx,16,0.204000
7,gx,17,-1.544000
7,gx,18,0.202000
7,gx,19,-0.316000
7,gx,20,-0.339000
7,gx,21,-0.098000
7,gx,22,-0.091000
7,gx,23,0.010000
7,gx,24,-0.065000
7,gx,25,-0.189000
7,gx,26,-0.133000
7,gx,27,-0.085000
7,gx,28,0.086000
7,gx,29,-0.472000
7,gx,30,0.115000
7,gx,31,-0.286000
7,gy,0,-0.000000
7,gy,1,-0.183000
7,gy,2,0.188000
7,gy,3,-0.369000
7,gy,4,1.002000
7,gy,5,0.125000
7,gy,6,-0.220000
7,gy,7,-0.219000
7,gy,8,1.506000
7,gy,9,0.131000
7,gy,10,0.587000
7,gy,11,0.080000
7,gy,12,0.130000
7,gy,13,-0.318000
7,gy,14,0.580000
7,gy,15,0.285000
7,gy,16,-0.002000
7,gy,17,-0.037000
7,gy,18,-0.543000
7,gy,19,-0.031000
7,gy,20,0.491000
7,gy,21,1.051000
7,gy,22,-0.044000
7,gy,23,0.167000
7,gy,24,-0.015000
7,gy,25,-0.975000
7,gy,26,-0.187000
7,gy,27,0.357000
7,gy,28,-0.963000
7,gy,29,-1.246000
7,gy,30,0.308000
7,gy,31,0.081000
7,gz,0,0.000000
7,gz,1,-0.146000
7,gz,2,-0.108000
7,gz,3,-0.179000
7,gz,4,1.011000
7,gz,5,-0.144000
7,gz,6,0.353000
7,gz,7,0.125000
7,gz,8,2.888000
7,gz,9,0.031000
7,gz,10,0.044000
7,gz,11,0.072000
7,gz,12,-0.174000
7,gz,13,-0.004000
7,gz,14,-0.219000
7,gz,15,-0.065000
7,gz,16,-0.035000
7,gz,17,0.126000
7,gz,18,0.719000
7,gz,19,-0.007000
7,gz,20,-0.223000
7,gz,21,-0.209000
7,gz,22,-0.245000
7,gz,23,0.030000
7,gz,24,0.045000
7,gz,25,0.747000
7,gz,26,0.266000
7,gz,27,-0.019000
7,gz,28,-0.079000
7,gz,29,0.488000
7,gz,30,0.070000
7,gz,31,0.189000
8,ax,0,-0.000000
8,ax,1,0.020000
8,ax,2,-0.026000
8,ax,3,0.013000
8,ax,4,-0.094000
8,ax,5,0.034000
8,ax,6,-0.046000
8,ax,7,-0.015000
8,ax,8,-0.031000
8,ax,9,0.016000
8,ax,10,0.090000
8,ax,11,0.025000
8,ax,12,0.040000
8,ax,13,-0.022000
8,ax,14,0.096000
8,ax,15,0.016000
8,ax,16,-0.026000
8,ax,17,-0.044000
8,ax,18,-0.001000
8,ax,19,-0.023000
8,ax,20,-0.002000
8,ax,21,-0.013000
8,ax,22,-0.018000
8,ax,23,0.030000
8,ax,24,-0.029000
8,ax,25,-0.074000
8,ax,26,-0.041000
8,ax,27,0.014000
8,ax,28,0.005000
8,ax,29,-0.099000
8,ax,30,0.036000
8,ax,31,-0.046000
8,ay,0,0.000000
8,ay,1,0.012000
8,ay,2,0.012000
8,ay,3,0.018000
8,ay,4,-0.172000
8,ay,5,0.008000
8,ay,6,-0.046000
8,ay,7,-0.017000
8,ay,8,-0.057000
8,ay,9,0.007000
8,ay,10,0.198000
8,ay,11,-0.013000
8,ay,12,0.041000
8,ay,13,0.031000
8,ay,14,-0.016000
8,ay,15,0.019000
8,ay,16,-0.022000
8,ay,17,0.025000
8,ay,18,-0.028000
8,ay,19,0.019000
8,ay,20,0.027000
8,ay,21,-0.017000
8,ay,22,0.010000
8,ay,23,0.030000
8,ay,24,-0.023000
8,ay,25,-0.093000
8,ay,26,-0.020000
8,ay,27,0.018000
8,ay,28,-0.039000
8,ay,29,-0.112000
8,ay,30,-0.030000
8,ay,31,-0.035000
8,az,0,0.000000
8,az,1,0.004000
8,az,2,0.017000
8,az,3,0.013000
8,az,4,-0.073000
8,az,5,-0.031000
8,az,6,-0.005000
8,az,7,0.010000
8,az,8,-0.398000
8,az,9,-0.016000
8,az,10,-0.002000
8,az,11,-0.027000
8,az,12,0.025000
8,az,13,0.005000
8,az,14,-0.050000
8,az,15,0.030000
8,az,16,-0.007000
8,az,17,0.010000
8,az,18,-0.061000
8,az,19,0.001000
8,az,20,-0.007000
8,az,21,0.051000
8,az,22,0.052000
8,az,23,0.010000
8,az,24,-0.000000
8,az,25,0.069000
8,az,26,0.039000
8,az,27,0.015000
8,az,28,-0.022000
8,az,29,-0.015000
8,az,30,0.002000
8,az,31,-0.006000
8,gx,0,0.000000
8,gx,1,-0.163000
8,gx,2,-0.116000
8,gx,3,0.183000
8,gx,4,-1.159000
8,gx,5,0.191000
8,gx,6,-0.557000
8,gx,7,-0.026000
8,gx,8,4.784000
8,gx,9,-0.128000
8,gx,10,-1.222000
8,gx,11,-0.485000
8,gx,12,-0.654000
8,gx,13,0.228000
8,gx,14,-0.551000
8,gx,15,-0.178000
8,gx,16,-0.108000
8,gx,17,1.175000
8,gx,18,0.119000
8,gx,19,0.440000
8,gx,20,-0.562000
8,gx,21,-0.199000
8,gx,22,-0.146000
8,gx,23,0.005000
8,gx,24,-0.189000
8,gx,25,2.219000
8,gx,26,0.879000
8,gx,27,-0.335000
8,gx,28,0.719000
8,gx,29,1.311000
8,gx,30,-0.622000
8,gx,31,-0.012000
8,gy,0,0.000000
8,gy,1,0.631000
8,gy,2,0.125000
8,gy,3,-0.277000
8,gy,4,0.544000
8,gy,5,0.104000
8,gy,6,-0.321000
8,gy,7,-0.203000
8,gy,8,-5.689000
8,gy,9,-0.061000
8,gy,10,2.744000
8,gy,11,0.396000
8,gy,12,-1.093000
8,gy,13,-0.788000
8,gy,14,1.740000
8,gy,15,0.093000
8,gy,16,-0.304000
8,gy,17,-0.394000
8,gy,18,0.107000
8,gy,19,-0.682000
8,gy,20,-0.333000
8,gy,21,1.104000
8,gy,22,-0.326000
8,gy,23,0.349000
8,gy,24,0.046000
8,gy,25,-2.139000
8,gy,26,-0.270000
8,gy,27,-0.015000
8,gy,28,0.204000
8,gy,29,0.112000
8,gy,30,0.999000
8,gy,31,0.027000
8,gz,0,-0.000000
8,gz,1,0.179000
8,gz,2,-0.296000
8,gz,3,0.674000
8,gz,4,-4.916000
8,gz,5,0.882000
8,gz,6,-1.758000
8,gz,7,-0.889000
8,gz,8,-5.443000
8,gz,9,0.300000
8,gz,10,-1.930000
8,gz,11,-0.668000
8,gz,12,2.165000
8,gz,13,-0.071000
8,gz,14,-0.123000
8,gz,15,1.190000
8,gz,16,-0.101000
8,gz,17,1.087000
8,gz,18,-0.653000
8,gz,19,0.219000
8,gz,20,0.583000
8,gz,21,3.107000
8,gz,22,0.099000
8,gz,23,0.407000
8,gz,24,-0.509000
8,gz,25,0.241000
8,gz,26,0.863000
8,gz,27,0.515000
8,gz,28,-1.121000
8,gz,29,-4.966000
8,gz,30,-0.783000
8,gz,31,-1.174000
9,ax,0,-0.000000
9,ax,1,-0.015000
9,ax,2,-0.019000
9,ax,3,-0.007000
9,ax,4,0.021000
9,ax,5,-0.008000
9,ax,6,0.035000
9,ax,7,0.003000
9,ax,8,0.286000
9,ax,9,-0.005000
9,ax,10,-0.014000
9,ax,11,-0.018000
9,ax,12,-0.026000
9,ax,13,-0.009000
9,ax,14,-0.008000
9,ax,15,-0.008000
9,ax,16,-0.005000
9,ax,17,-0.033000
9,ax,18,0.003000
9,ax,19,-0.019000
9,ax,20,0.011000
9,ax,21,0.003000
9,ax,22,0.008000
9,ax,23,-0.009000
9,ax,24,-0.023000
9,ax,25,0.037000
9,ax,26,0.003000
9,ax,27,0.003000
9,ax,28,0.007000
9,ax,29,0.033000
9,ax,30,-0.014000
9,ax,31,0.011000
9,ay,0,-0.000000
9,ay,1,-0.004000
9,ay,2,-0.013000
9,ay,3,-0.006000
9,ay,4,0.033000
9,ay,5,-0.009000
9,ay,6,-0.000000
9,ay,7,-0.016000
9,ay,8,0.045000
9,ay,9,0.007000
9,ay,10,-0.040000
9,ay,11,0.007000
9,ay,12,0.001000
9,ay,13,-0.007000
9,ay,14,0.037000
9,ay,15,-0.009000
9,ay,16,-0.004000
9,ay,17,-0.027000
9,ay,18,-0.000000
9,ay,19,-0.008000
9,ay,20,-0.010000
9,ay,21,-0.046000
9,ay,22,-0.006000
9,ay,23,-0.015000
9,ay,24,-0.014000
9,ay,25,0.037000
9,ay,26,-0.000000
9,ay,27,0.001000
9,ay,28,-0.013000
9,ay,29,0.024000
9,ay,30,-0.014000
9,ay,31,0.011000
9,az,0,-0.000000
9,az,1,0.011000
9,az,2,0.027000
9,az,3,0.016000
9,az,4,-0.054000
9,az,5,0.009000
9,az,6,-0.016000
9,az,7,-0.003000
9,az,8,0.172000
9,az,9,0.036000
9,az,10,-0.013000
9,az,11,-0.009000
9,az,12,0.033000
9,az,13,-0.008000
9,az,14,0.006000
9,az,15,-0.012000
9,az,16,0.003000
9,az,17,-0.001000
9,az,18,-0.019000
9,az,19,0.023000
9,az,20,-0.019000
9,az,21,-0.026000
9,az,22,-0.010000
9,az,23,-0.005000
9,az,24,0.051000
9,az,25,-0.089000
9,az,26,-0.001000
9,az,27,-0.019000
9,az,28,0.017000
9,az,29,-0.016000
9,az,30,0.010000
9,az,31,-0.021000
9,gx,0,-0.000000
9,gx,1,0.165000
9,gx,2,0.027000
9,gx,3,0.358000
9,gx,4,-1.874000
9,gx,5,0.187000
9,gx,6,-0.283000
9,gx,7,-0.148000
9,gx,8,-1.295000
9,gx,9,0.124000
9,gx,10,1.506000
9,gx,11,0.352000
9,gx,12,-0.433000
9,gx,13,-0.278000
9,gx,14,0.665000
9,gx,15,0.154000
9,gx,16,0.019000
9,gx,17,0.649000
9,gx,18,0.282000
9,gx,19,0.390000
9,gx,20,0.136000
9,gx,21,0.825000
9,gx,22,-0.468000
9,gx,23,0.149000
9,gx,24,0.017000
9,gx,25,-1.147000
9,gx,26,-0.230000
9,gx,27,-0.153000
9,gx,28,0.337000
9,gx,29,0.526000
9,gx,30,0.708000
9,gx,31,0.039000
9,gy,0,0.000000
9,gy,1,-0.325000
9,gy,2,-0.053000
9,gy,3,0.201000
9,gy,4,-0.547000
9,gy,5,-0.137000
9,gy,6,0.292000
9,gy,7,0.107000
9,gy,8,6.188000
9,gy,9,0.167000
9,gy,10,1.111000
9,gy,11,-0.130000
9,gy,12,-0.045000
9,gy,13,-0.153000
9,gy,14,0.268000
9,gy,15,-0.084000
9,gy,16,-0.055000
9,gy,17,-0.671000
9,gy,18,0.704000
9,gy,19,-0.376000
9,gy,20,0.113000
9,gy,21,1.157000
9,gy,22,-0.183000
9,gy,23,-0.177000
9,gy,24,0.150000
9,gy,25,1.243000
9,gy,26,0.202000
9,gy,27,0.069000
9,gy,28,-0.225000
9,gy,29,-0.060000
9,gy,30,-0.560000
9,gy,31,0.105000
9,gz,0,0.000000
9,gz,1,0.063000
9,gz,2,0.069000
9,gz,3,0.224000
9,gz,4,-0.617000
9,gz,5,-0.200000
9,gz,6,0.538000
9,gz,7,0.109000
9,gz,8,3.001000
9,gz,9,-0.057000
9,gz,10,0.199000
9,gz,11,0.136000
9,gz,12,-1.208000
9,gz,13,-0.015000
9,gz,14,0.057000
9,gz,15,0.037000
9,gz,16,0.088000
9,gz,17,0.220000
9,gz,18,-0.275000
9,gz,19,0.249000
9,gz,20,-0.172000
9,gz,21,-0.484000
9,gz,22,-0.216000
9,gz,23,0.270000
9,gz,24,0.096000
9,gz,25,-1.700000
9,gz,26,-0.266000
9,gz,27,-0.241000
9,gz,28,0.563000
9,gz,29,1.374000
9,gz,30,0.025000
9,gz,31,0.178000
10,ax,0,-0.000000
10,ax,1,-0.014000
10,ax,2,0.014000
10,ax,3,0.010000
10,ax,4,0.001000
10,ax,5,-0.018000
10,ax,6,0.032000
10,ax,7,0.007000
10,ax,8,0.041000
10,ax,9,-0.014000
10,ax,10,0.062000
10,ax,11,0.017000
10,ax,12,0.000000
10,ax,13,0.017000
10,ax,14,-0.038000
10,ax,15,-0.005000
10,ax,16,0.003000
10,ax,17,0.038000
10,ax,18,0.026000
10,ax,19,0.021000
10,ax,20,-0.002000
10,ax,21,-0.055000
10,ax,22,0.015000
10,ax,23,-0.005000
10,ax,24,0.037000
10,ax,25,-0.062000
10,ax,26,-0.005000
10,ax,27,-0.007000
10,ax,28,0.048000
10,ax,29,-0.003000
10,ax,30,-0.018000
10,ax,31,-0.005000
10,ay,0,0.000000
10,ay,1,-0.001000
10,ay,2,0.000000
10,ay,3,-0.006000
10,ay,4,0.000000
10,ay,5,-0.003000
10,ay,6,-0.009000
10,ay,7,-0.001000
10,ay,8,-0.313000
10,ay,9,0.025000
10,ay,10,-0.034000
10,ay,11,0.020000
10,ay,12,0.046000
10,ay,13,0.010000
10,ay,14,-0.006000
10,ay,15,-0.012000
10,ay,16,-0.003000
10,ay,17,0.072000
10,ay,18,0.005000
10,ay,19,0.020000
10,ay,20,-0.081000
10,ay,21,-0.121000
10,ay,22,0.008000
10,ay,23,-0.021000
10,ay,24,-0.008000
10,ay,25,-0.054000
10,ay,26,-0.028000
10,ay,27,-0.005000
10,ay,28,0.017000
10,ay,29,0.001000
10,ay,30,0.003000
10,ay,31,-0.020000
10,az,0,0.000000
10,az,1,0.015000
10,az,2,-0.029000
10,az,3,-0.008000
10,az,4,0.027000
10,az,5,0.001000
10,az,6,-0.030000
10,az,7,0.015000
10,az,8,-0.128000
10,az,9,0.054000
10,az,10,-0.021000
10,az,11,-0.015000
10,az,12,0.001000
10,az,13,-0.002000
10,az,14,0.033000
10,az,15,-0.020000
10,az,16,0.002000
10,az,17,-0.026000
10,az,18,-0.023000
10,az,19,-0.012000
10,az,20,-0.013000
10,az,21,0.035000
10,az,22,-0.047000
10,az,23,-0.011000
10,az,24,-0.068000
10,az,25,0.114000
10,az,26,0.014000
10,az,27,0.021000
10,az,28,-0.010000
10,az,29,0.038000
10,az,30,-0.023000
10,az,31,0.028000
10,gx,0,0.000000
10,gx,1,0.066000
10,gx,2,-0.000000
10,gx,3,-0.159000
10,gx,4,0.386000
10,gx,5,0.034000
10,gx,6,-0.074000
10,gx,7,-0.083000
10,gx,8,-1.311000
10,gx,9,0.022000
10,gx,10,-0.371000
10,gx,11,-0.244000
10,gx,12,0.350000
10,gx,13,-0.164000
10,gx,14,0.548000
10,gx,15,-0.316000
10,gx,16,-0.145000
10,gx,17,-0.030000
10,gx,18,0.197000
10,gx,19,-0.313000
10,gx,20,0.061000
10,gx,21,-1.337000
10,gx,22,-0.341000
10,gx,23,-0.001000
10,gx,24,0.184000
10,gx,25,0.864000
10,gx,26,0.351000
10,gx,27,0.075000
10,gx,28,-0.205000
10,gx,29,0.062000
10,gx,30,0.115000
10,gx,31,0.199000
10,gy,0,-0.000000
10,gy,1,0.218000
10,gy,2,0.064000
10,gy,3,0.127000
10,gy,4,0.678000
10,gy,5,0.137000
10,gy,6,-0.290000
10,gy,7,0.510000
10,gy,8,-5.390000
10,gy,9,0.066000
10,gy,10,-0.191000
10,gy,11,-0.038000
10,gy,12,0.447000
10,gy,13,0.245000
10,gy,14,-0.532000
10,gy,15,-0.259000
10,gy,16,-0.225000
10,gy,17,0.288000
10,gy,18,0.716000
10,gy,19,-0.241000
10,gy,20,0.891000
10,gy,21,1.123000
10,gy,22,0.012000
10,gy,23,0.064000
10,gy,24,0.219000
10,gy,25,0.190000
10,gy,26,0.150000
10,gy,27,0.181000
10,gy,28,-0.453000
10,gy,29,-0.329000
10,gy,30,0.082000
10,gy,31,0.152000
10,gz,0,-0.000000
10,gz,1,0.087000
10,gz,2,-0.014000
10,gz,3,-0.086000
10,gz,4,0.079000
10,gz,5,-0.029000
10,gz,6,0.077000
10,gz,7,-0.128000
10,gz,8,-0.275000
10,gz,9,-0.219000
10,gz,10,-1.305000
10,gz,11,-0.056000
10,gz,12,-0.568000
10,gz,13,-0.281000
10,gz,14,0.684000
10,gz,15,-0.153000
10,gz,16,-0.173000
10,gz,17,0.754000
10,gz,18,0.148000
10,gz,19,0.007000
10,gz,20,-0.722000
10,gz,21,-2.576000
10,gz,22,-0.093000
10,gz,23,-0.178000
10,gz,24,0.137000
10,gz,25,0.522000
10,gz,26,-0.139000
10,gz,27,-0.118000
10,gz,28,0.206000
10,gz,29,0.396000
10,gz,30,-0.211000
10,gz,31,0.019000
