node,scenario,cycle,repeat,idx,name,self,neighbor,expect,t,source
3,1,1,5,0,baseline_direct,-46,-53,DIRECT,189,gateway
3,1,1,5,0,baseline_direct,-46,-53,DIRECT,199,gateway
3,1,1,5,0,baseline_direct,-46,-53,DIRECT,210,gateway
3,1,1,5,0,baseline_direct,-46,-53,DIRECT,220,gateway
3,1,1,5,0,baseline_direct,-46,-53,DIRECT,220,gateway
3,1,1,5,0,baseline_direct,-46,-53,DIRECT,230,gateway
3,1,1,5,0,baseline_direct,-46,-53,DIRECT,241,gateway
3,1,1,5,0,baseline_direct,-46,-53,DIRECT,251,gateway
3,1,1,5,0,baseline_direct,-46,-53,DIRECT,262,gateway
3,1,1,5,0,baseline_direct,-46,-53,DIRECT,272,gateway
3,1,1,5,0,baseline_direct,-46,-53,DIRECT,282,gateway
3,1,1,5,0,baseline_direct,-46,-53,DIRECT,292,gateway
3,1,1,5,0,baseline_direct,-46,-53,DIRECT,293,gateway
3,1,1,5,0,baseline_direct,-46,-53,DIRECT,303,gateway
3,1,1,5,0,baseline_direct,-46,-53,DIRECT,313,gateway
3,1,1,5,0,baseline_direct,-46,-53,DIRECT,324,gateway
3,1,1,5,0,baseline_direct,-46,-53,DIRECT,334,gateway
3,1,1,5,0,baseline_direct,-46,-53,DIRECT,344,gateway
3,1,1,5,0,baseline_direct,-46,-53,DIRECT,355,gateway
3,1,1,5,0,baseline_direct,-46,-53,DIRECT,365,gateway
3,1,1,5,0,baseline_direct,-46,-53,DIRECT,365,gateway
3,1,1,5,0,baseline_direct,-46,-53,DIRECT,376,gateway
3,1,1,5,0,baseline_direct,-46,-53,DIRECT,386,gateway
3,1,1,5,0,baseline_direct,-46,-53,DIRECT,396,gateway
3,1,1,5,0,baseline_direct,-46,-53,DIRECT,407,gateway
3,1,1,5,0,baseline_direct,-46,-53,DIRECT,417,gateway
3,1,1,5,0,baseline_direct,-46,-53,DIRECT,428,gateway
3,1,1,5,0,baseline_direct,-46,-53,DIRECT,438,gateway
3,1,1,5,0,baseline_direct,-46,-53,DIRECT,438,gateway
3,1,1,5,0,baseline_direct,-46,-53,DIRECT,448,gateway
3,1,1,5,0,baseline_direct,-46,-53,DIRECT,459,gateway
3,1,1,5,0,baseline_direct,-46,-53,DIRECT,469,gateway
3,1,1,5,0,baseline_direct,-46,-53,DIRECT,480,gateway
3,1,1,5,0,baseline_direct,-46,-53,DIRECT,490,gateway
3,1,1,5,0,baseline_direct,-46,-53,DIRECT,500,gateway
3,1,1,5,0,baseline_direct,-46,-53,DIRECT,511,gateway
3,1,1,5,0,baseline_direct,-46,-53,DIRECT,521,gateway
3,1,1,5,0,baseline_direct,-46,-53,DIRECT,521,gateway
3,1,1,5,0,baseline_direct,-46,-53,DIRECT,531,gateway
3,1,1,5,0,baseline_direct,-46,-53,DIRECT,542,gateway
3,1,1,5,0,baseline_direct,-46,-53,DIRECT,552,gateway
3,1,1,5,0,baseline_direct,-46,-53,DIRECT,562,gateway
3,1,1,5,0,baseline_direct,-46,-53,DIRECT,573,gateway
3,1,1,5,0,baseline_direct,-46,-53,DIRECT,583,gateway
3,1,1,5,0,baseline_direct,-46,-53,DIRECT,594,gateway
3,1,1,5,0,baseline_direct,-46,-53,DIRECT,594,gateway
3,1,1,5,0,baseline_direct,-46,-53,DIRECT,604,gateway
3,1,1,5,0,baseline_direct,-46,-53,DIRECT,614,gateway
3,1,1,5,0,baseline_direct,-46,-53,DIRECT,625,gateway
3,1,1,5,0,baseline_direct,-46,-53,DIRECT,667,gateway
3,1,1,5,0,baseline_direct,-46,-53,DIRECT,678,gateway
3,1,1,5,0,baseline_direct,-46,-53,DIRECT,688,gateway
3,1,1,5,0,baseline_direct,-46,-53,DIRECT,698,gateway
3,1,1,5,0,baseline_direct,-46,-53,DIRECT,709,gateway
3,1,1,5,0,baseline_direct,-46,-53,DIRECT,719,gateway
3,1,1,5,0,baseline_direct,-46,-53,DIRECT,730,gateway
3,1,1,5,0,baseline_direct,-46,-53,DIRECT,740,gateway
3,1,1,5,0,baseline_direct,-46,-53,DIRECT,750,gateway
3,1,1,5,0,baseline_direct,-46,-53,DIRECT,750,gateway
3,1,1,5,0,baseline_direct,-46,-53,DIRECT,761,gateway
3,1,1,5,0,baseline_direct,-46,-53,DIRECT,771,gateway
3,1,1,5,0,baseline_direct,-46,-53,DIRECT,782,gateway
3,1,1,5,0,baseline_direct,-46,-53,DIRECT,792,gateway
3,1,1,5,0,baseline_direct,-46,-53,DIRECT,802,gateway
3,1,1,5,0,baseline_direct,-46,-53,DIRECT,813,gateway
3,1,1,5,0,baseline_direct,-46,-53,DIRECT,823,gateway
3,1,1,5,0,baseline_direct,-46,-53,DIRECT,823,gateway
3,1,1,5,0,baseline_direct,-46,-53,DIRECT,833,gateway
3,1,1,5,0,baseline_direct,-46,-53,DIRECT,844,gateway
3,1,1,5,0,baseline_direct,-46,-53,DIRECT,854,gateway
3,1,1,5,0,baseline_direct,-46,-53,DIRECT,865,gateway
3,1,1,5,0,baseline_direct,-46,-53,DIRECT,875,gateway
3,1,1,5,0,baseline_direct,-46,-53,DIRECT,885,gateway
3,1,1,5,0,baseline_direct,-46,-53,DIRECT,896,gateway
3,1,1,5,0,baseline_direct,-46,-53,DIRECT,896,gateway
3,1,1,5,0,baseline_direct,-46,-53,DIRECT,906,gateway
3,1,1,5,0,baseline_direct,-46,-53,DIRECT,916,gateway
3,1,1,5,0,baseline_direct,-46,-53,DIRECT,927,gateway
3,1,1,5,0,baseline_direct,-46,-53,DIRECT,937,gateway
3,1,1,5,0,baseline_direct,-46,-53,DIRECT,948,gateway
3,1,1,5,0,baseline_direct,-46,-53,DIRECT,958,gateway
3,1,1,5,0,baseline_direct,-46,-53,DIRECT,968,gateway
3,1,1,5,0,baseline_direct,-46,-53,DIRECT,968,gateway
3,1,1,5,0,baseline_direct,-46,-53,DIRECT,979,gateway
3,1,1,5,0,baseline_direct,-46,-53,DIRECT,989,gateway
3,1,1,5,0,baseline_direct,-46,-53,DIRECT,999,gateway
3,1,1,5,0,baseline_direct,-46,-53,DIRECT,1010,gateway
3,1,1,5,0,baseline_direct,-46,-53,DIRECT,1020,gateway
3,1,1,5,0,baseline_direct,-46,-53,DIRECT,1031,gateway
3,1,1,5,0,baseline_direct,-46,-53,DIRECT,1041,gateway
3,1,1,5,0,baseline_direct,-46,-53,DIRECT,1051,gateway
3,1,1,5,0,baseline_direct,-46,-53,DIRECT,1051,gateway
3,1,1,5,0,baseline_direct,-46,-53,DIRECT,1062,gateway
3,1,1,5,0,baseline_direct,-46,-53,DIRECT,1072,gateway
3,1,1,5,0,baseline_direct,-46,-53,DIRECT,1082,gateway
3,1,1,5,0,baseline_direct,-46,-53,DIRECT,1093,gateway
3,1,1,5,0,baseline_direct,-46,-53,DIRECT,1103,gateway
3,1,1,5,0,baseline_direct,-46,-53,DIRECT,1113,gateway
3,1,1,5,0,baseline_direct,-46,-53,DIRECT,1124,gateway
3,1,1,5,0,baseline_direct,-46,-53,DIRECT,1134,gateway
3,1,1,5,0,baseline_direct,-46,-53,DIRECT,1134,gateway
3,1,1,5,0,baseline_direct,-46,-53,DIRECT,1145,gateway
3,1,1,5,0,baseline_direct,-46,-53,DIRECT,1155,gateway
3,1,1,5,0,baseline_direct,-46,-53,DIRECT,1165,gateway
3,1,1,5,0,baseline_direct,-46,-53,DIRECT,1176,gateway
3,1,1,5,0,baseline_direct,-46,-53,DIRECT,1186,gateway
3,1,1,5,0,baseline_direct,-46,-53,DIRECT,1197,gateway
3,1,1,5,0,baseline_direct,-46,-53,DIRECT,1207,gateway
3,1,1,5,0,baseline_direct,-46,-53,DIRECT,1207,gateway
3,1,1,5,0,baseline_direct,-46,-53,DIRECT,1217,gateway
3,1,1,5,0,baseline_direct,-46,-53,DIRECT,1228,gateway
3,1,1,5,0,baseline_direct,-46,-53,DIRECT,1238,gateway
3,1,1,5,0,baseline_direct,-46,-53,DIRECT,1249,gateway
3,1,1,5,0,baseline_direct,-46,-53,DIRECT,1259,gateway
3,1,1,5,0,baseline_direct,-46,-53,DIRECT,1269,gateway
3,1,1,5,0,baseline_direct,-46,-53,DIRECT,1280,gateway
3,1,1,5,0,baseline_direct,-46,-53,DIRECT,1290,gateway
3,1,1,5,0,baseline_direct,-46,-53,DIRECT,1290,gateway
3,1,1,5,0,baseline_direct,-46,-53,DIRECT,1300,gateway
3,1,1,5,0,baseline_direct,-46,-53,DIRECT,1311,gateway
3,1,1,5,0,baseline_direct,-46,-53,DIRECT,1321,gateway
3,1,1,5,0,baseline_direct,-46,-53,DIRECT,1332,gateway
3,1,1,5,0,baseline_direct,-46,-53,DIRECT,1342,gateway
3,1,1,5,0,baseline_direct,-46,-53,DIRECT,1352,gateway
3,1,1,5,0,baseline_direct,-46,-53,DIRECT,1363,gateway
3,1,1,5,0,baseline_direct,-46,-53,DIRECT,1373,gateway
3,1,1,5,0,baseline_direct,-46,-53,DIRECT,1373,gateway
3,1,1,5,0,baseline_direct,-46,-53,DIRECT,1383,gateway
3,1,1,5,0,baseline_direct,-46,-53,DIRECT,1394,gateway
3,1,1,5,0,baseline_direct,-46,-53,DIRECT,1404,gateway
3,1,1,5,0,baseline_direct,-46,-53,DIRECT,1415,gateway
3,1,1,5,0,baseline_direct,-46,-53,DIRECT,1425,gateway
3,1,1,5,0,baseline_direct,-46,-53,DIRECT,1435,gateway
3,1,1,5,0,baseline_direct,-46,-53,DIRECT,1446,gateway
3,1,1,5,0,baseline_direct,-46,-53,DIRECT,1456,gateway
3,1,1,5,0,baseline_direct,-46,-53,DIRECT,1456,gateway
3,1,1,5,0,baseline_direct,-46,-53,DIRECT,1466,gateway
3,1,1,5,0,baseline_direct,-46,-53,DIRECT,1477,gateway
3,1,1,5,0,baseline_direct,-46,-53,DIRECT,1487,gateway
3,1,1,5,0,baseline_direct,-46,-53,DIRECT,1498,gateway
3,1,1,5,0,baseline_direct,-46,-53,DIRECT,1508,gateway
3,1,1,5,0,baseline_direct,-46,-53,DIRECT,1518,gateway
3,1,1,5,0,baseline_direct,-46,-53,DIRECT,1529,gateway
3,1,1,5,0,baseline_direct,-46,-53,DIRECT,1539,gateway
3,1,1,5,0,baseline_direct,-46,-53,DIRECT,1539,gateway
3,1,1,5,0,baseline_direct,-46,-53,DIRECT,1549,gateway
3,1,1,5,0,baseline_direct,-46,-53,DIRECT,1560,gateway
3,1,1,5,0,baseline_direct,-46,-53,DIRECT,1570,gateway
3,1,1,5,0,baseline_direct,-46,-53,DIRECT,1581,gateway
3,1,1,5,0,baseline_direct,-46,-53,DIRECT,1591,gateway
3,1,1,5,0,baseline_direct,-46,-53,DIRECT,1601,gateway
3,1,1,5,0,baseline_direct,-46,-53,DIRECT,1611,gateway
3,1,1,5,0,baseline_direct,-46,-53,DIRECT,1622,gateway
3,1,1,5,0,baseline_direct,-46,-53,DIRECT,1622,gateway
3,1,1,5,0,baseline_direct,-46,-53,DIRECT,1632,gateway
3,1,1,5,0,baseline_direct,-46,-53,DIRECT,1643,gateway
3,1,1,5,0,baseline_direct,-46,-53,DIRECT,1653,gateway
3,1,1,5,0,baseline_direct,-46,-53,DIRECT,1663,gateway
3,1,1,5,0,baseline_direct,-46,-53,DIRECT,1674,gateway
3,1,1,5,0,baseline_direct,-46,-53,DIRECT,1684,gateway
3,1,1,5,0,baseline_direct,-46,-53,DIRECT,1695,gateway
3,1,1,5,0,baseline_direct,-46,-53,DIRECT,1695,gateway
3,1,1,5,0,baseline_direct,-46,-53,DIRECT,1705,gateway
3,1,1,5,0,baseline_direct,-46,-53,DIRECT,1715,gateway
3,1,1,5,0,baseline_direct,-46,-53,DIRECT,1726,gateway
3,1,1,5,0,baseline_direct,-46,-53,DIRECT,1736,gateway
3,1,1,5,0,baseline_direct,-46,-53,DIRECT,1747,gateway
3,1,1,5,0,baseline_direct,-46,-53,DIRECT,1757,gateway
3,1,1,5,0,baseline_direct,-46,-53,DIRECT,1767,gateway
3,1,1,5,0,baseline_direct,-46,-53,DIRECT,1778,gateway
3,1,1,5,0,baseline_direct,-46,-53,DIRECT,1778,gateway
3,1,1,5,0,baseline_direct,-46,-53,DIRECT,1788,gateway
3,1,1,5,0,baseline_direct,-46,-53,DIRECT,1798,gateway
3,1,1,5,0,baseline_direct,-46,-53,DIRECT,1809,gateway
3,1,1,5,0,baseline_direct,-46,-53,DIRECT,1819,gateway
3,1,1,5,0,baseline_direct,-46,-53,DIRECT,1830,gateway
3,1,1,5,0,baseline_direct,-46,-53,DIRECT,1840,gateway
3,1,1,5,0,baseline_direct,-46,-53,DIRECT,1850,gateway
3,1,1,5,0,baseline_direct,-46,-53,DIRECT,1861,gateway
3,1,1,5,0,baseline_direct,-46,-53,DIRECT,1861,gateway
3,1,1,5,0,baseline_direct,-46,-53,DIRECT,1871,gateway
3,1,1,5,0,baseline_direct,-46,-53,DIRECT,1881,gateway
3,1,1,5,0,baseline_direct,-46,-53,DIRECT,1892,gateway
3,1,1,5,0,baseline_direct,-46,-53,DIRECT,1902,gateway
3,1,1,5,0,baseline_direct,-46,-53,DIRECT,1913,gateway
3,1,1,5,0,baseline_direct,-46,-53,DIRECT,1923,gateway
3,1,1,5,0,baseline_direct,-46,-53,DIRECT,1933,gateway
3,1,1,5,0,baseline_direct,-46,-53,DIRECT,1944,gateway
3,1,1,5,0,baseline_direct,-46,-53,DIRECT,1944,gateway
3,1,1,5,0,baseline_direct,-46,-53,DIRECT,1954,gateway
3,1,1,5,0,baseline_direct,-46,-53,DIRECT,1964,gateway
3,1,1,5,0,baseline_direct,-46,-53,DIRECT,1975,gateway
3,1,1,5,0,baseline_direct,-46,-53,DIRECT,1985,gateway
3,1,1,5,0,baseline_direct,-46,-53,DIRECT,1996,gateway
2,1,5,5,0,baseline_direct,-49,-54,DIRECT,320000,ppg
1,1,4,5,0,baseline_direct,-53,-59,DIRECT,320000,imu
3,1,1,5,1,forced_relay,-46,-53,RELAY,20000,gateway
2,1,5,5,1,forced_relay,-80,-44,RELAY,340000,ppg
1,1,5,5,1,forced_relay,-81,-46,RELAY,340000,imu
3,1,1,5,2,relay_hold,-83,-40,RELAY,40000,gateway
2,1,5,5,2,relay_hold,-88,-44,RELAY,360000,ppg
1,1,5,5,2,relay_hold,-89,-42,RELAY,360000,imu
3,1,1,5,3,direct_recovery,-83,-40,DIRECT,60000,gateway
2,1,5,5,3,direct_recovery,-52,-65,DIRECT,380000,ppg
1,1,5,5,3,direct_recovery,-48,-60,DIRECT,380000,imu
3,1,2,5,0,baseline_direct,-46,-53,DIRECT,80000,gateway
1,1,6,5,0,baseline_direct,-47,-53,DIRECT,400000,imu
2,1,6,5,0,baseline_direct,-45,-57,DIRECT,401000,ppg
3,1,2,5,1,forced_relay,-80,-45,RELAY,100000,gateway
2,1,6,5,1,forced_relay,-80,-40,RELAY,420011,ppg
1,1,6,5,1,forced_relay,-83,-41,RELAY,420010,imu
3,1,2,5,2,relay_hold,-89,-43,RELAY,120000,gateway
2,1,6,5,2,relay_hold,-88,-41,RELAY,440022,ppg
1,1,6,5,2,relay_hold,-85,-41,RELAY,440021,imu
3,1,2,5,3,direct_recovery,-89,-43,DIRECT,140000,gateway
2,1,6,5,3,direct_recovery,-48,-65,DIRECT,460033,ppg
1,1,6,5,3,direct_recovery,-53,-60,DIRECT,460032,imu
3,1,2,5,0,baseline_direct,-48,-59,DIRECT,160000,gateway
2,1,7,5,0,baseline_direct,-47,-53,DIRECT,480044,ppg
1,1,7,5,0,baseline_direct,-48,-57,DIRECT,480043,imu
3,1,3,5,1,forced_relay,-85,-44,RELAY,180000,gateway
2,1,7,5,1,forced_relay,-85,-46,RELAY,500055,ppg
1,1,7,5,1,forced_relay,-84,-42,RELAY,500054,imu
3,1,3,5,2,relay_hold,-85,-44,RELAY,200000,gateway
2,1,7,5,2,relay_hold,-86,-42,RELAY,520066,ppg
1,1,7,5,2,relay_hold,-89,-41,RELAY,520065,imu
3,1,3,5,3,direct_recovery,-84,-40,DIRECT,220000,gateway
2,1,7,5,3,direct_recovery,-49,-60,DIRECT,540077,ppg
1,1,7,5,3,direct_recovery,-48,-64,DIRECT,540076,imu
3,1,3,5,0,baseline_direct,-48,-64,DIRECT,240000,gateway
2,1,8,5,0,baseline_direct,-46,-57,DIRECT,560088,ppg
1,1,8,5,0,baseline_direct,-47,-59,DIRECT,560087,imu
3,1,4,5,1,forced_relay,-51,-58,RELAY,260000,gateway
2,1,8,5,1,forced_relay,-82,-45,RELAY,580099,ppg
1,1,8,5,1,forced_relay,-79,-43,RELAY,580098,imu
3,1,4,5,2,relay_hold,-87,-44,RELAY,280000,gateway
2,1,8,5,2,relay_hold,-89,-41,RELAY,600110,ppg
1,1,8,5,2,relay_hold,-84,-38,RELAY,600109,imu
3,1,4,5,3,direct_recovery,-53,-61,DIRECT,300000,gateway
2,1,8,5,3,direct_recovery,-53,-62,DIRECT,620121,ppg
1,1,8,5,3,direct_recovery,-48,-61,DIRECT,620120,imu
3,1,5,5,0,baseline_direct,-50,-55,DIRECT,320000,gateway
2,1,9,5,0,baseline_direct,-51,-58,DIRECT,640132,ppg
1,1,9,5,0,baseline_direct,-47,-53,DIRECT,640131,imu
3,1,5,5,1,forced_relay,-85,-45,RELAY,340000,gateway
2,1,9,5,1,forced_relay,-81,-45,RELAY,660143,ppg
1,1,9,5,1,forced_relay,-84,-43,RELAY,660142,imu
3,1,5,5,2,relay_hold,-85,-43,RELAY,360000,gateway
2,1,9,5,2,relay_hold,-89,-41,RELAY,680154,ppg
1,1,9,5,2,relay_hold,-89,-38,RELAY,680153,imu
3,1,5,5,3,direct_recovery,-51,-62,DIRECT,380000,gateway
2,1,9,5,3,direct_recovery,-48,-60,DIRECT,700165,ppg
1,1,9,5,3,direct_recovery,-52,-62,DIRECT,700164,imu
3,1,6,5,0,baseline_direct,-48,-57,DIRECT,401000,gateway
2,1,10,5,0,baseline_direct,-46,-56,DIRECT,720176,ppg
1,1,10,5,0,baseline_direct,-47,-58,DIRECT,720175,imu
3,1,6,5,1,forced_relay,-81,-46,RELAY,420011,gateway
2,1,10,5,1,forced_relay,-84,-44,RELAY,740187,ppg
1,1,10,5,1,forced_relay,-84,-41,RELAY,740186,imu
