node,scenario,cycle,repeat,phase,seq,expect,actual,next_hop,ok,ts,t,source
1,2,1,5,baseline_direct,1,DIRECT,DIRECT,0,1,3000,3015,imu
1,2,1,5,baseline_direct,2,DIRECT,DIRECT,0,1,6015,6032,imu
1,2,1,5,baseline_direct,3,DIRECT,DIRECT,0,1,9033,9062,imu
1,2,1,5,baseline_direct,4,DIRECT,DIRECT,0,1,12062,12088,imu
1,2,1,5,baseline_direct,5,DIRECT,DIRECT,0,1,15088,15104,imu
1,2,1,5,baseline_direct,6,DIRECT,DIRECT,0,1,18105,18125,imu
1,2,1,5,forced_relay,7,RELAY,RELAY,2,1,21125,21147,imu
1,2,1,5,forced_relay,8,RELAY,RELAY,2,1,24147,24173,imu
1,2,1,5,forced_relay,9,RELAY,RELAY,2,1,27173,27197,imu
1,2,1,5,forced_relay,10,RELAY,RELAY,2,1,30197,30225,imu
1,2,1,5,forced_relay,11,RELAY,RELAY,2,1,33226,33252,imu
1,2,1,5,forced_relay,12,RELAY,RELAY,2,1,36252,36276,imu
1,2,1,5,forced_relay,13,RELAY,RELAY,2,1,39276,39301,imu
1,2,1,5,relay_hold,14,RELAY,RELAY,2,1,42301,42325,imu
1,2,1,5,relay_hold,15,RELAY,RELAY,2,1,45325,45350,imu
1,2,1,5,relay_hold,16,RELAY,RELAY,2,1,48350,48378,imu
1,2,1,5,relay_hold,17,RELAY,RELAY,2,1,51378,51401,imu
1,2,1,5,relay_hold,18,RELAY,RELAY,2,1,54401,54424,imu
1,2,1,5,relay_hold,19,RELAY,RELAY,2,1,57425,57447,imu
1,2,1,5,direct_recovery,20,DIRECT,DIRECT,0,1,60448,60469,imu
1,2,1,5,direct_recovery,21,DIRECT,DIRECT,0,1,63469,63488,imu
1,2,1,5,direct_recovery,22,DIRECT,DIRECT,0,1,66488,66502,imu
1,2,1,5,direct_recovery,23,DIRECT,DIRECT,0,1,69502,69525,imu
1,2,1,5,direct_recovery,24,DIRECT,DIRECT,0,1,72525,72541,imu
1,2,1,5,direct_recovery,25,DIRECT,DIRECT,0,1,75542,75558,imu
1,2,1,5,direct_recovery,26,DIRECT,DIRECT,0,1,78559,78582,imu
1,2,2,5,baseline_direct,27,DIRECT,DIRECT,0,1,81582,81600,imu
1,2,2,5,baseline_direct,28,DIRECT,DIRECT,0,1,84601,84621,imu
1,2,2,5,baseline_direct,29,DIRECT,DIRECT,0,1,87621,87639,imu
1,2,2,5,baseline_direct,30,DIRECT,DIRECT,0,1,90639,90658,imu
1,2,2,5,baseline_direct,31,DIRECT,DIRECT,0,1,93658,93674,imu
1,2,2,5,baseline_direct,32,DIRECT,DIRECT,0,1,96674,96698,imu
1,2,2,5,baseline_direct,33,DIRECT,DIRECT,0,1,99698,99718,imu
1,2,2,5,forced_relay,34,RELAY,RELAY,2,1,102718,102741,imu
1,2,2,5,forced_relay,35,RELAY,RELAY,2,1,105741,105777,imu
1,2,2,5,forced_relay,36,RELAY,RELAY,2,1,108777,108809,imu
1,2,2,5,forced_relay,37,RELAY,RELAY,2,1,111809,111835,imu
1,2,2,5,forced_relay,38,RELAY,RELAY,2,1,114836,114860,imu
1,2,2,5,forced_relay,39,RELAY,RELAY,2,1,117860,117886,imu
1,2,2,5,relay_hold,40,RELAY,RELAY,2,1,120886,120909,imu
1,2,2,5,relay_hold,41,RELAY,RELAY,2,1,123909,123935,imu
1,2,2,5,relay_hold,42,RELAY,RELAY,2,1,126935,126962,imu
1,2,2,5,relay_hold,43,RELAY,RELAY,2,1,129962,129988,imu
1,2,2,5,relay_hold,44,RELAY,RELAY,2,1,132989,133013,imu
1,2,2,5,relay_hold,45,RELAY,RELAY,2,1,136013,136040,imu
1,2,2,5,relay_hold,46,RELAY,RELAY,2,1,139040,139065,imu
1,2,2,5,direct_recovery,47,DIRECT,DIRECT,0,1,142065,142089,imu
1,2,2,5,direct_recovery,48,DIRECT,DIRECT,0,1,145100,145118,imu
1,2,2,5,direct_recovery,49,DIRECT,DIRECT,0,1,148128,148150,imu
1,2,2,5,direct_recovery,50,DIRECT,DIRECT,0,1,151161,151178,imu
1,2,2,5,direct_recovery,51,DIRECT,DIRECT,0,1,154188,154203,imu
1,2,2,5,direct_recovery,52,DIRECT,DIRECT,0,1,157213,157232,imu
1,2,3,5,baseline_direct,53,DIRECT,DIRECT,0,1,160243,160268,imu
1,2,3,5,baseline_direct,54,DIRECT,DIRECT,0,1,163278,163295,imu
1,2,3,5,baseline_direct,55,DIRECT,DIRECT,0,1,166305,166325,imu
1,2,3,5,baseline_direct,56,DIRECT,DIRECT,0,1,169335,169353,imu
1,2,3,5,baseline_direct,57,DIRECT,DIRECT,0,1,172363,172378,imu
1,2,3,5,baseline_direct,58,DIRECT,DIRECT,0,1,175388,175410,imu
1,2,3,5,baseline_direct,59,DIRECT,DIRECT,0,1,178420,178447,imu
1,2,3,5,forced_relay,60,RELAY,RELAY,2,1,181457,181481,imu
1,2,3,5,forced_relay,61,RELAY,RELAY,2,1,184481,184507,imu
1,2,3,5,forced_relay,62,RELAY,RELAY,2,1,187507,187534,imu
1,2,3,5,forced_relay,63,RELAY,RELAY,2,1,190534,190567,imu
1,2,3,5,forced_relay,64,RELAY,RELAY,2,1,193568,193596,imu
1,2,3,5,forced_relay,65,RELAY,RELAY,2,1,196596,196621,imu
1,2,3,5,forced_relay,66,RELAY,RELAY,2,1,199621,199647,imu
1,2,3,5,relay_hold,67,RELAY,RELAY,2,1,202648,202686,imu
1,2,3,5,relay_hold,68,RELAY,RELAY,2,1,205686,205715,imu
1,2,3,5,relay_hold,69,RELAY,RELAY,2,1,208716,208744,imu
1,2,3,5,relay_hold,70,RELAY,RELAY,2,1,211744,211769,imu
1,2,3,5,relay_hold,71,RELAY,RELAY,2,1,214769,214797,imu
1,2,3,5,relay_hold,72,RELAY,RELAY,2,1,217797,217825,imu
1,2,3,5,direct_recovery,73,DIRECT,DIRECT,0,1,220825,220842,imu
1,2,3,5,direct_recovery,74,DIRECT,DIRECT,0,1,223853,223876,imu
1,2,3,5,direct_recovery,75,DIRECT,DIRECT,0,1,226887,226905,imu
1,2,3,5,direct_recovery,76,DIRECT,DIRECT,0,1,229916,229938,imu
1,2,3,5,direct_recovery,77,DIRECT,DIRECT,0,1,232948,232972,imu
1,2,3,5,direct_recovery,78,DIRECT,DIRECT,0,1,235982,235999,imu
1,2,3,5,direct_recovery,79,DIRECT,DIRECT,0,1,239009,239026,imu
1,2,4,5,baseline_direct,80,DIRECT,DIRECT,0,1,242037,242054,imu
1,2,4,5,baseline_direct,81,DIRECT,DIRECT,0,1,245065,245082,imu
1,2,4,5,baseline_direct,82,DIRECT,DIRECT,0,1,248093,248109,imu
1,2,4,5,baseline_direct,83,DIRECT,DIRECT,0,1,251119,251139,imu
1,2,4,5,baseline_direct,84,DIRECT,DIRECT,0,1,254150,254168,imu
1,2,4,5,baseline_direct,85,DIRECT,DIRECT,0,1,257178,257195,imu
1,2,4,5,forced_relay,86,RELAY,RELAY,2,1,260205,260228,imu
1,2,4,5,forced_relay,87,RELAY,RELAY,2,1,263229,263259,imu
1,2,4,5,forced_relay,88,RELAY,RELAY,2,1,266259,266286,imu
1,2,4,5,forced_relay,89,RELAY,RELAY,2,1,269287,269311,imu
1,2,4,5,forced_relay,90,RELAY,RELAY,2,1,272312,272340,imu
1,2,4,5,forced_relay,91,RELAY,RELAY,2,1,275340,275371,imu
1,2,4,5,forced_relay,92,RELAY,RELAY,2,1,278372,278406,imu
1,2,4,5,relay_hold,93,RELAY,RELAY,2,1,281407,281430,imu
1,2,4,5,relay_hold,94,RELAY,RELAY,2,1,284431,284457,imu
1,2,4,5,relay_hold,95,RELAY,RELAY,2,1,287457,287477,imu
1,2,4,5,relay_hold,96,RELAY,RELAY,2,1,290477,290510,imu
1,2,4,5,relay_hold,97,RELAY,RELAY,2,1,293510,293534,imu
1,2,4,5,relay_hold,98,RELAY,RELAY,2,1,296534,296563,imu
1,2,4,5,relay_hold,99,RELAY,RELAY,2,1,299563,299591,imu
1,2,4,5,direct_recovery,100,DIRECT,DIRECT,0,1,302591,302611,imu
1,2,4,5,direct_recovery,101,DIRECT,DIRECT,0,1,305621,305644,imu
1,2,4,5,direct_recovery,102,DIRECT,DIRECT,0,1,308655,308680,imu
1,2,4,5,direct_recovery,103,DIRECT,DIRECT,0,1,311691,311709,imu
1,2,4,5,direct_recovery,104,DIRECT,DIRECT,0,1,314719,314744,imu
1,2,4,5,direct_recovery,105,DIRECT,DIRECT,0,1,317754,317778,imu
1,2,5,5,baseline_direct,106,DIRECT,DIRECT,0,1,320788,320808,imu
1,2,5,5,baseline_direct,107,DIRECT,DIRECT,0,1,323819,323839,imu
1,2,5,5,baseline_direct,108,DIRECT,DIRECT,0,1,326849,326872,imu
1,2,5,5,baseline_direct,109,DIRECT,DIRECT,0,1,329883,329906,imu
1,2,5,5,baseline_direct,110,DIRECT,DIRECT,0,1,332916,332936,imu
1,2,5,5,baseline_direct,111,DIRECT,DIRECT,0,1,335946,335965,imu
1,2,5,5,baseline_direct,112,DIRECT,DIRECT,0,1,338975,338995,imu
1,2,5,5,forced_relay,113,RELAY,RELAY,2,1,342005,342032,imu
1,2,5,5,forced_relay,114,RELAY,RELAY,2,1,345032,345052,imu
1,2,5,5,forced_relay,115,RELAY,RELAY,2,1,348052,348077,imu
1,2,5,5,forced_relay,116,RELAY,RELAY,2,1,351078,351134,imu
1,2,5,5,forced_relay,117,RELAY,RELAY,2,1,354135,354156,imu
1,2,5,5,forced_relay,118,RELAY,RELAY,2,1,357156,357180,imu
1,2,5,5,relay_hold,119,RELAY,RELAY,2,1,360180,360205,imu
1,2,5,5,relay_hold,120,RELAY,RELAY,2,1,363205,363229,imu
1,2,5,5,relay_hold,121,RELAY,RELAY,2,1,366229,366249,imu
1,2,5,5,relay_hold,122,RELAY,RELAY,2,1,369249,369275,imu
1,2,5,5,relay_hold,123,RELAY,RELAY,2,1,372276,372307,imu
1,2,5,5,relay_hold,124,RELAY,RELAY,2,1,375307,375333,imu
1,2,5,5,relay_hold,125,RELAY,RELAY,2,1,378333,378371,imu
1,2,5,5,direct_recovery,126,DIRECT,DIRECT,0,1,381372,381387,imu
1,2,5,5,direct_recovery,127,DIRECT,DIRECT,0,1,384397,384425,imu
1,2,5,5,direct_recovery,128,DIRECT,DIRECT,0,1,387435,387451,imu
1,2,5,5,direct_recovery,129,DIRECT,DIRECT,0,1,390461,390477,imu
1,2,5,5,direct_recovery,130,DIRECT,DIRECT,0,1,393487,393501,imu
1,2,5,5,direct_recovery,131,DIRECT,DIRECT,0,1,396512,396534,imu
1,2,5,5,direct_recovery,132,DIRECT,DIRECT,0,1,399544,399561,imu
