node,scenario,cycle,repeat,phase,seq,ok,ts,t,source
2,2,1,5,baseline_direct,1,1,3000,3007,ppg
2,2,1,5,baseline_direct,2,1,6008,6010,ppg
2,2,1,5,baseline_direct,3,1,9011,9020,ppg
2,2,1,5,baseline_direct,4,1,12020,12047,ppg
2,2,1,5,baseline_direct,5,1,15047,15074,ppg
2,2,1,5,baseline_direct,6,1,18084,18097,ppg
2,2,1,5,forced_relay,7,1,21108,21118,ppg
2,2,1,5,forced_relay,8,1,24118,24140,ppg
2,2,1,5,forced_relay,9,1,27141,27164,ppg
2,2,1,5,forced_relay,10,1,30164,30202,ppg
2,2,1,5,forced_relay,11,1,33202,33221,ppg
2,2,1,5,forced_relay,12,1,36222,36244,ppg
2,2,1,5,forced_relay,13,1,39245,39274,ppg
2,2,1,5,relay_hold,14,1,42275,42301,ppg
2,2,1,5,relay_hold,15,1,45302,45327,ppg
2,2,1,5,relay_hold,16,1,48328,48350,ppg
2,2,1,5,relay_hold,17,1,51350,51378,ppg
2,2,1,5,relay_hold,18,1,54378,54400,ppg
2,2,1,5,relay_hold,19,1,57401,57429,ppg
2,2,1,5,direct_recovery,20,1,60429,60453,ppg
2,2,1,5,direct_recovery,21,1,63454,63478,ppg
2,2,1,5,direct_recovery,22,1,66478,66496,ppg
2,2,1,5,direct_recovery,23,1,69506,69526,ppg
2,2,1,5,direct_recovery,24,1,72526,72550,ppg
2,2,1,5,direct_recovery,25,1,75550,75581,ppg
2,2,1,5,direct_recovery,26,1,78581,78607,ppg
2,2,2,5,baseline_direct,27,1,81608,81626,ppg
2,2,2,5,baseline_direct,28,1,84626,84648,ppg
2,2,2,5,baseline_direct,29,1,87648,87677,ppg
2,2,2,5,baseline_direct,30,1,90677,90701,ppg
2,2,2,5,baseline_direct,31,1,93701,93720,ppg
2,2,2,5,baseline_direct,32,1,96720,96741,ppg
2,2,2,5,baseline_direct,33,1,99741,99764,ppg
2,2,2,5,forced_relay,34,1,102764,102785,ppg
2,2,2,5,forced_relay,35,1,105785,105806,ppg
2,2,2,5,forced_relay,36,1,108806,108832,ppg
2,2,2,5,forced_relay,37,1,111832,111855,ppg
2,2,2,5,forced_relay,38,1,114855,114886,ppg
2,2,2,5,forced_relay,39,1,117886,117910,ppg
2,2,2,5,relay_hold,40,1,120910,120931,ppg
2,2,2,5,relay_hold,41,1,123931,123954,ppg
2,2,2,5,relay_hold,42,1,126954,126979,ppg
2,2,2,5,relay_hold,43,1,129979,130008,ppg
2,2,2,5,relay_hold,44,1,133009,133039,ppg
2,2,2,5,relay_hold,45,1,136039,136064,ppg
2,2,2,5,relay_hold,46,1,139064,139089,ppg
2,2,2,5,direct_recovery,47,1,142089,142112,ppg
2,2,2,5,direct_recovery,48,1,145112,145129,ppg
2,2,2,5,direct_recovery,49,1,148139,148157,ppg
2,2,2,5,direct_recovery,50,1,151167,151193,ppg
2,2,2,5,direct_recovery,51,1,154194,154213,ppg
2,2,2,5,direct_recovery,52,1,157214,157237,ppg
2,2,3,5,baseline_direct,53,1,160237,160267,ppg
2,2,3,5,baseline_direct,54,1,163268,163288,ppg
2,2,3,5,baseline_direct,55,1,166288,166305,ppg
2,2,3,5,baseline_direct,56,1,169315,169329,ppg
2,2,3,5,baseline_direct,57,1,172329,172347,ppg
2,2,3,5,baseline_direct,58,1,175347,175371,ppg
2,2,3,5,baseline_direct,59,1,178371,178401,ppg
2,2,3,5,forced_relay,60,1,181401,181430,ppg
2,2,3,5,forced_relay,61,1,184430,184453,ppg
2,2,3,5,forced_relay,62,0,187453,187515,ppg
2,2,3,5,forced_relay,63,1,190515,190530,ppg
2,2,3,5,forced_relay,64,1,193530,193558,ppg
2,2,3,5,forced_relay,65,1,196558,196586,ppg
2,2,3,5,forced_relay,66,1,199586,199608,ppg
2,2,3,5,relay_hold,67,1,202608,202649,ppg
2,2,3,5,relay_hold,68,1,205649,205681,ppg
2,2,3,5,relay_hold,69,1,208682,208711,ppg
2,2,3,5,relay_hold,70,1,211711,211726,ppg
2,2,3,5,relay_hold,71,1,214726,214750,ppg
2,2,3,5,relay_hold,72,1,217750,217781,ppg
2,2,3,5,direct_recovery,73,1,220782,220804,ppg
2,2,3,5,direct_recovery,74,1,223804,223835,ppg
2,2,3,5,direct_recovery,75,1,226835,226857,ppg
2,2,3,5,direct_recovery,76,1,229857,229878,ppg
2,2,3,5,direct_recovery,77,1,232878,232909,ppg
2,2,3,5,direct_recovery,78,1,235920,235938,ppg
2,2,3,5,direct_recovery,79,1,238938,238961,ppg
2,2,4,5,baseline_direct,80,1,241961,241987,ppg
2,2,4,5,baseline_direct,81,1,244987,245009,ppg
2,2,4,5,baseline_direct,82,1,248009,248031,ppg
2,2,4,5,baseline_direct,83,1,251031,251059,ppg
2,2,4,5,baseline_direct,84,1,254060,254077,ppg
2,2,4,5,baseline_direct,85,1,257077,257106,ppg
2,2,4,5,forced_relay,86,1,260106,260142,ppg
2,2,4,5,forced_relay,87,1,263142,263168,ppg
2,2,4,5,forced_relay,88,1,266168,266189,ppg
2,2,4,5,forced_relay,89,1,269200,269217,ppg
2,2,4,5,forced_relay,90,1,272218,272241,ppg
2,2,4,5,forced_relay,91,1,275241,275271,ppg
2,2,4,5,forced_relay,92,1,278271,278299,ppg
2,2,4,5,relay_hold,93,1,281299,281321,ppg
2,2,4,5,relay_hold,94,1,284321,284353,ppg
2,2,4,5,relay_hold,95,1,287353,287378,ppg
2,2,4,5,relay_hold,96,1,290378,290401,ppg
2,2,4,5,relay_hold,97,1,293401,293431,ppg
2,2,4,5,relay_hold,98,1,296431,296456,ppg
2,2,4,5,relay_hold,99,1,299456,299479,ppg
2,2,4,5,direct_recovery,100,1,302480,302510,ppg
2,2,4,5,direct_recovery,101,1,305510,305532,ppg
2,2,4,5,direct_recovery,102,1,308532,308555,ppg
2,2,4,5,direct_recovery,103,1,311555,311580,ppg
2,2,4,5,direct_recovery,104,1,314580,314603,ppg
2,2,4,5,direct_recovery,105,1,317603,317629,ppg
2,2,5,5,baseline_direct,106,1,320629,320650,ppg
2,2,5,5,baseline_direct,107,1,323660,323676,ppg
2,2,5,5,baseline_direct,108,1,326676,326697,ppg
2,2,5,5,baseline_direct,109,1,329697,329726,ppg
2,2,5,5,baseline_direct,110,1,332726,332748,ppg
2,2,5,5,baseline_direct,111,1,335748,335774,ppg
2,2,5,5,baseline_direct,112,1,338784,338805,ppg
2,2,5,5,forced_relay,113,1,341805,341829,ppg
2,2,5,5,forced_relay,114,1,344829,344855,ppg
2,2,5,5,forced_relay,115,1,347855,347881,ppg
2,2,5,5,forced_relay,116,1,350891,350909,ppg
2,2,5,5,forced_relay,117,1,353910,353941,ppg
2,2,5,5,forced_relay,118,1,356941,356964,ppg
2,2,5,5,forced_relay,119,1,359965,359990,ppg
2,2,5,5,relay_hold,120,1,362990,363025,ppg
2,2,5,5,relay_hold,121,1,366025,366051,ppg
2,2,5,5,relay_hold,122,1,369051,369076,ppg
2,2,5,5,relay_hold,123,1,372076,372106,ppg
2,2,5,5,relay_hold,124,1,375106,375124,ppg
2,2,5,5,relay_hold,125,1,378124,378153,ppg
2,2,5,5,direct_recovery,126,1,381154,381177,ppg
2,2,5,5,direct_recovery,127,1,384177,384196,ppg
2,2,5,5,direct_recovery,128,1,387196,387226,ppg
2,2,5,5,direct_recovery,129,1,390237,390248,ppg
2,2,5,5,direct_recovery,130,1,393248,393270,ppg
2,2,5,5,direct_recovery,131,1,396271,396301,ppg
2,2,5,5,direct_recovery,132,1,399301,399328,ppg
