route,topic,ok,payload_len,t,source
DIRECT,health_monitor/node_2/cs_ppg,1,310,9013,gateway
DIRECT,health_monitor/node_1/cs_imu,1,1516,9130,gateway
DIRECT,health_monitor/node_2/cs_ppg,1,311,12039,gateway
DIRECT,health_monitor/node_1/cs_imu,1,1514,12157,gateway
DIRECT,health_monitor/node_2/cs_ppg,1,311,15066,gateway
DIRECT,health_monitor/node_1/cs_imu,1,1514,15173,gateway
DIRECT,health_monitor/node_2/cs_ppg,1,311,18089,gateway
DIRECT,health_monitor/node_1/cs_imu,1,1514,18193,gateway
DIRECT,health_monitor/node_2/cs_ppg,1,311,21110,gateway
RELAYED,health_monitor/node_1/cs_imu,1,1529,21229,gateway
DIRECT,health_monitor/node_2/cs_ppg,1,311,24132,gateway
RELAYED,health_monitor/node_1/cs_imu,1,1529,24256,gateway
DIRECT,health_monitor/node_2/cs_ppg,1,311,27156,gateway
RELAYED,health_monitor/node_1/cs_imu,1,1529,27277,gateway
DIRECT,health_monitor/node_2/cs_ppg,1,311,30195,gateway
RELAYED,health_monitor/node_1/cs_imu,1,1529,30300,gateway
DIRECT,health_monitor/node_2/cs_ppg,1,311,33213,gateway
RELAYED,health_monitor/node_1/cs_imu,1,1529,33333,gateway
DIRECT,health_monitor/node_2/cs_ppg,1,311,36236,gateway
RELAYED,health_monitor/node_1/cs_imu,1,1529,36353,gateway
DIRECT,health_monitor/node_2/cs_ppg,1,311,39266,gateway
RELAYED,health_monitor/node_1/cs_imu,1,1529,39381,gateway
DIRECT,health_monitor/node_2/cs_ppg,1,311,42295,gateway
RELAYED,health_monitor/node_1/cs_imu,1,1529,42403,gateway
DIRECT,health_monitor/node_2/cs_ppg,1,311,45319,gateway
RELAYED,health_monitor/node_1/cs_imu,1,1529,45435,gateway
DIRECT,health_monitor/node_2/cs_ppg,1,311,48341,gateway
RELAYED,health_monitor/node_1/cs_imu,1,1529,48460,gateway
DIRECT,health_monitor/node_2/cs_ppg,1,311,51370,gateway
RELAYED,health_monitor/node_1/cs_imu,1,1529,51487,gateway
DIRECT,health_monitor/node_2/cs_ppg,1,311,54392,gateway
RELAYED,health_monitor/node_1/cs_imu,1,1529,54516,gateway
DIRECT,health_monitor/node_2/cs_ppg,1,311,57420,gateway
RELAYED,health_monitor/node_1/cs_imu,1,1529,57534,gateway
DIRECT,health_monitor/node_2/cs_ppg,1,311,60445,gateway
DIRECT,health_monitor/node_1/cs_imu,1,1514,60536,gateway
DIRECT,health_monitor/node_2/cs_ppg,1,311,63470,gateway
DIRECT,health_monitor/node_1/cs_imu,1,1514,63554,gateway
DIRECT,health_monitor/node_2/cs_ppg,1,311,66487,gateway
DIRECT,health_monitor/node_1/cs_imu,1,1514,66570,gateway
DIRECT,health_monitor/node_2/cs_ppg,1,311,69518,gateway
DIRECT,health_monitor/node_1/cs_imu,1,1514,69592,gateway
DIRECT,health_monitor/node_2/cs_ppg,1,311,72541,gateway
DIRECT,health_monitor/node_1/cs_imu,1,1514,72609,gateway
DIRECT,health_monitor/node_2/cs_ppg,1,311,75574,gateway
DIRECT,health_monitor/node_1/cs_imu,1,1514,75625,gateway
DIRECT,health_monitor/node_2/cs_ppg,1,311,78599,gateway
DIRECT,health_monitor/node_1/cs_imu,1,1514,78649,gateway
DIRECT,health_monitor/node_2/cs_ppg,1,311,81619,gateway
DIRECT,health_monitor/node_1/cs_imu,1,1514,81667,gateway
DIRECT,health_monitor/node_2/cs_ppg,1,311,84639,gateway
DIRECT,health_monitor/node_1/cs_imu,1,1514,84689,gateway
DIRECT,health_monitor/node_2/cs_ppg,1,311,87668,gateway
DIRECT,health_monitor/node_1/cs_imu,1,1514,87705,gateway
DIRECT,health_monitor/node_2/cs_ppg,1,311,90692,gateway
DIRECT,health_monitor/node_1/cs_imu,1,1514,90725,gateway
DIRECT,health_monitor/node_2/cs_ppg,1,311,93711,gateway
DIRECT,health_monitor/node_1/cs_imu,1,1514,93740,gateway
DIRECT,health_monitor/node_2/cs_ppg,1,311,96732,gateway
DIRECT,health_monitor/node_1/cs_imu,1,1514,96763,gateway
DIRECT,health_monitor/node_2/cs_ppg,1,311,99755,gateway
DIRECT,health_monitor/node_1/cs_imu,1,1514,99784,gateway
DIRECT,health_monitor/node_2/cs_ppg,1,312,102776,gateway
RELAYED,health_monitor/node_1/cs_imu,1,1530,102828,gateway
DIRECT,health_monitor/node_2/cs_ppg,1,312,105797,gateway
RELAYED,health_monitor/node_1/cs_imu,1,1530,105858,gateway
DIRECT,health_monitor/node_2/cs_ppg,1,312,108823,gateway
RELAYED,health_monitor/node_1/cs_imu,1,1530,108891,gateway
DIRECT,health_monitor/node_2/cs_ppg,1,312,111846,gateway
RELAYED,health_monitor/node_1/cs_imu,1,1530,111917,gateway
DIRECT,health_monitor/node_2/cs_ppg,1,312,114877,gateway
RELAYED,health_monitor/node_1/cs_imu,1,1530,114939,gateway
DIRECT,health_monitor/node_2/cs_ppg,1,312,117901,gateway
RELAYED,health_monitor/node_1/cs_imu,1,1530,117969,gateway
DIRECT,health_monitor/node_2/cs_ppg,1,312,120922,gateway
RELAYED,health_monitor/node_1/cs_imu,1,1530,120995,gateway
DIRECT,health_monitor/node_2/cs_ppg,1,312,123944,gateway
RELAYED,health_monitor/node_1/cs_imu,1,1530,124015,gateway
DIRECT,health_monitor/node_2/cs_ppg,1,312,126970,gateway
RELAYED,health_monitor/node_1/cs_imu,1,1530,127048,gateway
DIRECT,health_monitor/node_2/cs_ppg,1,312,129999,gateway
RELAYED,health_monitor/node_1/cs_imu,1,1530,130088,gateway
DIRECT,health_monitor/node_2/cs_ppg,1,312,133030,gateway
RELAYED,health_monitor/node_1/cs_imu,1,1530,133098,gateway
DIRECT,health_monitor/node_2/cs_ppg,1,312,136054,gateway
RELAYED,health_monitor/node_1/cs_imu,1,1530,136121,gateway
DIRECT,health_monitor/node_2/cs_ppg,1,312,139080,gateway
RELAYED,health_monitor/node_1/cs_imu,1,1530,139149,gateway
DIRECT,health_monitor/node_2/cs_ppg,1,312,142103,gateway
DIRECT,health_monitor/node_1/cs_imu,1,1515,142153,gateway
DIRECT,health_monitor/node_2/cs_ppg,1,312,145119,gateway
DIRECT,health_monitor/node_1/cs_imu,1,1515,145182,gateway
DIRECT,health_monitor/node_2/cs_ppg,1,312,148147,gateway
DIRECT,health_monitor/node_1/cs_imu,1,1515,148214,gateway
DIRECT,health_monitor/node_2/cs_ppg,1,312,151184,gateway
DIRECT,health_monitor/node_1/cs_imu,1,1515,151241,gateway
DIRECT,health_monitor/node_2/cs_ppg,1,312,154204,gateway
DIRECT,health_monitor/node_1/cs_imu,1,1515,154267,gateway
DIRECT,health_monitor/node_2/cs_ppg,1,312,157227,gateway
DIRECT,health_monitor/node_1/cs_imu,1,1515,157296,gateway
DIRECT,health_monitor/node_2/cs_ppg,1,312,160259,gateway
DIRECT,health_monitor/node_1/cs_imu,1,1515,160331,gateway
DIRECT,health_monitor/node_2/cs_ppg,1,312,163278,gateway
DIRECT,health_monitor/node_1/cs_imu,1,1515,163358,gateway
DIRECT,health_monitor/node_2/cs_ppg,1,312,166295,gateway
DIRECT,health_monitor/node_1/cs_imu,1,1515,166388,gateway
DIRECT,health_monitor/node_2/cs_ppg,1,312,169320,gateway
DIRECT,health_monitor/node_1/cs_imu,1,1515,169416,gateway
DIRECT,health_monitor/node_2/cs_ppg,1,312,172337,gateway
DIRECT,health_monitor/node_1/cs_imu,1,1515,172442,gateway
DIRECT,health_monitor/node_2/cs_ppg,1,312,175361,gateway
DIRECT,health_monitor/node_1/cs_imu,1,1515,175473,gateway
DIRECT,health_monitor/node_2/cs_ppg,1,312,178391,gateway
DIRECT,health_monitor/node_1/cs_imu,1,1515,178509,gateway
DIRECT,health_monitor/node_2/cs_ppg,1,312,181420,gateway
RELAYED,health_monitor/node_1/cs_imu,1,1530,181559,gateway
DIRECT,health_monitor/node_2/cs_ppg,1,312,184443,gateway
RELAYED,health_monitor/node_1/cs_imu,1,1530,184592,gateway
DIRECT,health_monitor/node_2/cs_ppg,1,312,187507,gateway
RELAYED,health_monitor/node_1/cs_imu,1,1530,187610,gateway
DIRECT,health_monitor/node_2/cs_ppg,1,312,190520,gateway
RELAYED,health_monitor/node_1/cs_imu,1,1530,190644,gateway
DIRECT,health_monitor/node_2/cs_ppg,1,312,193548,gateway
RELAYED,health_monitor/node_1/cs_imu,1,1530,193681,gateway
DIRECT,health_monitor/node_2/cs_ppg,1,312,196576,gateway
RELAYED,health_monitor/node_1/cs_imu,1,1530,196697,gateway
DIRECT,health_monitor/node_2/cs_ppg,1,312,199597,gateway
RELAYED,health_monitor/node_1/cs_imu,1,1530,199723,gateway
DIRECT,health_monitor/node_2/cs_ppg,1,312,202639,gateway
RELAYED,health_monitor/node_1/cs_imu,1,1530,202764,gateway
DIRECT,health_monitor/node_2/cs_ppg,1,312,205671,gateway
RELAYED,health_monitor/node_1/cs_imu,1,1530,205793,gateway
DIRECT,health_monitor/node_2/cs_ppg,1,312,208700,gateway
RELAYED,health_monitor/node_1/cs_imu,1,1530,208823,gateway
DIRECT,health_monitor/node_2/cs_ppg,1,312,211715,gateway
RELAYED,health_monitor/node_1/cs_imu,1,1530,211853,gateway
DIRECT,health_monitor/node_2/cs_ppg,1,312,214739,gateway
RELAYED,health_monitor/node_1/cs_imu,1,1530,214876,gateway
DIRECT,health_monitor/node_2/cs_ppg,1,312,217771,gateway
RELAYED,health_monitor/node_1/cs_imu,1,1530,217904,gateway
DIRECT,health_monitor/node_2/cs_ppg,1,312,220794,gateway
DIRECT,health_monitor/node_1/cs_imu,1,1515,220903,gateway
DIRECT,health_monitor/node_2/cs_ppg,1,312,223825,gateway
DIRECT,health_monitor/node_1/cs_imu,1,1515,223939,gateway
DIRECT,health_monitor/node_2/cs_ppg,1,312,226847,gateway
DIRECT,health_monitor/node_1/cs_imu,1,1515,226966,gateway
DIRECT,health_monitor/node_2/cs_ppg,1,312,229868,gateway
DIRECT,health_monitor/node_1/cs_imu,1,1515,229999,gateway
DIRECT,health_monitor/node_2/cs_ppg,1,312,232899,gateway
DIRECT,health_monitor/node_1/cs_imu,1,1515,233032,gateway
DIRECT,health_monitor/node_2/cs_ppg,1,312,235929,gateway
DIRECT,health_monitor/node_1/cs_imu,1,1515,236059,gateway
DIRECT,health_monitor/node_2/cs_ppg,1,312,238950,gateway
DIRECT,health_monitor/node_1/cs_imu,1,1515,239086,gateway
DIRECT,health_monitor/node_2/cs_ppg,1,312,241977,gateway
DIRECT,health_monitor/node_1/cs_imu,1,1515,242115,gateway
DIRECT,health_monitor/node_2/cs_ppg,1,312,244998,gateway
DIRECT,health_monitor/node_1/cs_imu,1,1515,245143,gateway
DIRECT,health_monitor/node_2/cs_ppg,1,312,248020,gateway
DIRECT,health_monitor/node_1/cs_imu,1,1515,248168,gateway
DIRECT,health_monitor/node_2/cs_ppg,1,312,251049,gateway
DIRECT,health_monitor/node_1/cs_imu,1,1515,251199,gateway
DIRECT,health_monitor/node_2/cs_ppg,1,312,254066,gateway
DIRECT,health_monitor/node_1/cs_imu,1,1515,254227,gateway
DIRECT,health_monitor/node_2/cs_ppg,1,312,257095,gateway
DIRECT,health_monitor/node_1/cs_imu,1,1515,257254,gateway
DIRECT,health_monitor/node_2/cs_ppg,1,312,260131,gateway
RELAYED,health_monitor/node_1/cs_imu,1,1530,260306,gateway
DIRECT,health_monitor/node_2/cs_ppg,1,312,263157,gateway
RELAYED,health_monitor/node_1/cs_imu,1,1530,263340,gateway
DIRECT,health_monitor/node_2/cs_ppg,1,312,266178,gateway
RELAYED,health_monitor/node_1/cs_imu,1,1530,266365,gateway
DIRECT,health_monitor/node_2/cs_ppg,1,312,269208,gateway
RELAYED,health_monitor/node_1/cs_imu,1,1530,269397,gateway
DIRECT,health_monitor/node_2/cs_ppg,1,312,272230,gateway
RELAYED,health_monitor/node_1/cs_imu,1,1530,272412,gateway
DIRECT,health_monitor/node_2/cs_ppg,1,312,275260,gateway
RELAYED,health_monitor/node_1/cs_imu,1,1530,275445,gateway
DIRECT,health_monitor/node_2/cs_ppg,1,312,278288,gateway
RELAYED,health_monitor/node_1/cs_imu,1,1530,278478,gateway
DIRECT,health_monitor/node_2/cs_ppg,1,312,281310,gateway
RELAYED,health_monitor/node_1/cs_imu,1,1530,281512,gateway
DIRECT,health_monitor/node_2/cs_ppg,1,312,284342,gateway
RELAYED,health_monitor/node_1/cs_imu,1,1530,284538,gateway
DIRECT,health_monitor/node_2/cs_ppg,1,312,287367,gateway
RELAYED,health_monitor/node_1/cs_imu,1,1530,287556,gateway
DIRECT,health_monitor/node_2/cs_ppg,1,312,290390,gateway
RELAYED,health_monitor/node_1/cs_imu,1,1530,290592,gateway
DIRECT,health_monitor/node_2/cs_ppg,1,312,293419,gateway
RELAYED,health_monitor/node_1/cs_imu,1,1530,293607,gateway
DIRECT,health_monitor/node_2/cs_ppg,1,312,296446,gateway
RELAYED,health_monitor/node_1/cs_imu,1,1530,296635,gateway
DIRECT,health_monitor/node_2/cs_ppg,1,312,299468,gateway
RELAYED,health_monitor/node_1/cs_imu,1,1530,299664,gateway
DIRECT,health_monitor/node_2/cs_ppg,1,312,302499,gateway
DIRECT,health_monitor/node_1/cs_imu,1,1515,302668,gateway
DIRECT,health_monitor/node_2/cs_ppg,1,312,305520,gateway
DIRECT,health_monitor/node_1/cs_imu,1,1515,305701,gateway
DIRECT,health_monitor/node_2/cs_ppg,1,312,308544,gateway
DIRECT,health_monitor/node_1/cs_imu,1,1515,308737,gateway
DIRECT,health_monitor/node_2/cs_ppg,1,312,311569,gateway
DIRECT,health_monitor/node_1/cs_imu,1,1515,311765,gateway
DIRECT,health_monitor/node_2/cs_ppg,1,312,314592,gateway
DIRECT,health_monitor/node_1/cs_imu,1,1515,314800,gateway
DIRECT,health_monitor/node_2/cs_ppg,1,312,317618,gateway
DIRECT,health_monitor/node_1/cs_imu,1,1515,317834,gateway
DIRECT,health_monitor/node_2/cs_ppg,1,312,320638,gateway
DIRECT,health_monitor/node_1/cs_imu,1,1515,320864,gateway
DIRECT,health_monitor/node_2/cs_ppg,1,312,323664,gateway
DIRECT,health_monitor/node_1/cs_imu,1,1515,323895,gateway
DIRECT,health_monitor/node_2/cs_ppg,1,312,326686,gateway
DIRECT,health_monitor/node_1/cs_imu,1,1515,326928,gateway
DIRECT,health_monitor/node_2/cs_ppg,1,312,329714,gateway
DIRECT,health_monitor/node_1/cs_imu,1,1515,329961,gateway
DIRECT,health_monitor/node_2/cs_ppg,1,312,332736,gateway
DIRECT,health_monitor/node_1/cs_imu,1,1515,332991,gateway
DIRECT,health_monitor/node_2/cs_ppg,1,312,335762,gateway
DIRECT,health_monitor/node_1/cs_imu,1,1515,336020,gateway
DIRECT,health_monitor/node_2/cs_ppg,1,312,338793,gateway
DIRECT,health_monitor/node_1/cs_imu,1,1515,339050,gateway
DIRECT,health_monitor/node_2/cs_ppg,1,312,341817,gateway
RELAYED,health_monitor/node_1/cs_imu,1,1530,342115,gateway
DIRECT,health_monitor/node_2/cs_ppg,1,312,344843,gateway
RELAYED,health_monitor/node_1/cs_imu,1,1530,345127,gateway
DIRECT,health_monitor/node_2/cs_ppg,1,312,347869,gateway
RELAYED,health_monitor/node_1/cs_imu,1,1530,348153,gateway
DIRECT,health_monitor/node_2/cs_ppg,1,312,350898,gateway
RELAYED,health_monitor/node_1/cs_imu,1,1530,351203,gateway
DIRECT,health_monitor/node_2/cs_ppg,1,312,353929,gateway
RELAYED,health_monitor/node_1/cs_imu,1,1530,354239,gateway
DIRECT,health_monitor/node_2/cs_ppg,1,312,356953,gateway
RELAYED,health_monitor/node_1/cs_imu,1,1530,357253,gateway
DIRECT,health_monitor/node_2/cs_ppg,1,312,359978,gateway
RELAYED,health_monitor/node_1/cs_imu,1,1530,360279,gateway
DIRECT,health_monitor/node_2/cs_ppg,1,312,363013,gateway
RELAYED,health_monitor/node_1/cs_imu,1,1530,363304,gateway
DIRECT,health_monitor/node_2/cs_ppg,1,312,366039,gateway
RELAYED,health_monitor/node_1/cs_imu,1,1530,366327,gateway
DIRECT,health_monitor/node_2/cs_ppg,1,312,369064,gateway
RELAYED,health_monitor/node_1/cs_imu,1,1530,369349,gateway
DIRECT,health_monitor/node_2/cs_ppg,1,312,372094,gateway
RELAYED,health_monitor/node_1/cs_imu,1,1530,372383,gateway
DIRECT,health_monitor/node_2/cs_ppg,1,312,375112,gateway
RELAYED,health_monitor/node_1/cs_imu,1,1530,375406,gateway
DIRECT,health_monitor/node_2/cs_ppg,1,312,378141,gateway
RELAYED,health_monitor/node_1/cs_imu,1,1530,378437,gateway
DIRECT,health_monitor/node_2/cs_ppg,1,312,381165,gateway
DIRECT,health_monitor/node_1/cs_imu,1,1515,381440,gateway
DIRECT,health_monitor/node_2/cs_ppg,1,312,384184,gateway
DIRECT,health_monitor/node_1/cs_imu,1,1515,384478,gateway
DIRECT,health_monitor/node_2/cs_ppg,1,312,387214,gateway
DIRECT,health_monitor/node_1/cs_imu,1,1515,387503,gateway
DIRECT,health_monitor/node_2/cs_ppg,1,312,390235,gateway
DIRECT,health_monitor/node_1/cs_imu,1,1515,390529,gateway
DIRECT,health_monitor/node_2/cs_ppg,1,312,393258,gateway
DIRECT,health_monitor/node_1/cs_imu,1,1515,393554,gateway
DIRECT,health_monitor/node_2/cs_ppg,1,312,396288,gateway
DIRECT,health_monitor/node_1/cs_imu,1,1515,396586,gateway
DIRECT,health_monitor/node_2/cs_ppg,1,312,399316,gateway
DIRECT,health_monitor/node_1/cs_imu,1,1515,399613,gateway
