route,node,scenario,cycle,phase_idx,seq,latency_ms,raw_bytes,cs_bytes,pkt_bytes,topic,payload,source
DIRECT,1,1,1,1,1,96,256,128,146,health_monitor/node_1/cs_ppg,"{""ts"":3602,""hr"":88,""spo2"":98.0,""ppg_valid"":true,""finger"":true,""mean_ir"":75.0000,""ir"":[1.0000,1.0000,0.0000,1.0000,-49.0000,-53.0000,0.0000,0.0000,0.0000,0.0000,0.0000,0.0000,0.0000,0.0000,0.0000,0.0000,0.0000,0.0000,0.0000,0.0000,0.0000,0.0000,0.0000,0.0000,0.0000,0.0000,0.0000,0.0000,0.0000,0.0000,0.0000,0.0000]}",gateway
DIRECT,1,1,1,1,2,78,256,128,146,health_monitor/node_1/cs_ppg,"{""ts"":6632,""hr"":88,""spo2"":98.0,""ppg_valid"":true,""finger"":true,""mean_ir"":75.0000,""ir"":[1.0000,1.0000,0.0000,2.0000,-49.0000,-53.0000,0.0000,0.0000,0.0000,0.0000,0.0000,0.0000,0.0000,0.0000,0.0000,0.0000,0.0000,0.0000,0.0000,0.0000,0.0000,0.0000,0.0000,0.0000,0.0000,0.0000,0.0000,0.0000,0.0000,0.0000,0.0000,0.0000]}",gateway
DIRECT,1,1,1,1,3,82,256,128,146,health_monitor/node_1/cs_ppg,"{""ts"":9645,""hr"":88,""spo2"":98.0,""ppg_valid"":true,""finger"":true,""mean_ir"":75.0000,""ir"":[1.0000,1.0000,0.0000,3.0000,-49.0000,-53.0000,0.0000,0.0000,0.0000,0.0000,0.0000,0.0000,0.0000,0.0000,0.0000,0.0000,0.0000,0.0000,0.0000,0.0000,0.0000,0.0000,0.0000,0.0000,0.0000,0.0000,0.0000,0.0000,0.0000,0.0000,0.0000,0.0000]}",gateway
DIRECT,1,1,1,1,4,78,256,128,146,health_monitor/node_1/cs_ppg,"{""ts"":12662,""hr"":88,""spo2"":98.0,""ppg_valid"":true,""finger"":true,""mean_ir"":75.0000,""ir"":[1.0000,1.0000,0.0000,4.0000,-49.0000,-53.0000,0.0000,0.0000,0.0000,0.0000,0.0000,0.0000,0.0000,0.0000,0.0000,0.0000,0.0000,0.0000,0.0000,0.0000,0.0000,0.0000,0.0000,0.0000,0.0000,0.0000,0.0000,0.0000,0.0000,0.0000,0.0000,0.0000]}",gateway
DIRECT,1,1,1,1,5,78,256,128,146,health_monitor/node_1/cs_ppg,"{""ts"":15675,""hr"":88,""spo2"":98.0,""ppg_valid"":true,""finger"":true,""mean_ir"":75.0000,""ir"":[1.0000,1.0000,0.0000,5.0000,-49.0000,-53.0000,0.0000,0.0000,0.0000,0.0000,0.0000,0.0000,0.0000,0.0000,0.0000,0.0000,0.0000,0.0000,0.0000,0.0000,0.0000,0.0000,0.0000,0.0000,0.0000,0.0000,0.0000,0.0000,0.0000,0.0000,0.0000,0.0000]}",gateway
DIRECT,1,1,1,1,6,80,256,128,146,health_monitor/node_1/cs_ppg,"{""ts"":18688,""hr"":88,""spo2"":98.0,""ppg_valid"":true,""finger"":true,""mean_ir"":75.0000,""ir"":[1.0000,1.0000,0.0000,6.0000,-49.0000,-53.0000,0.0000,0.0000,0.0000,0.0000,0.0000,0.0000,0.0000,0.0000,0.0000,0.0000,0.0000,0.0000,0.0000,0.0000,0.0000,0.0000,0.0000,0.0000,0.0000,0.0000,0.0000,0.0000,0.0000,0.0000,0.0000,0.0000]}",gateway
RELAYED,1,1,1,2,7,84,256,128,154,health_monitor/node_1/cs_ppg,"{""ts"":21703,""hr"":88,""spo2"":98.0,""ppg_valid"":true,""finger"":true,""mean_ir"":75.0000,""ir"":[1.0000,1.0000,1.0000,7.0000,-85.0000,-42.0000,0.0000,0.0000,0.0000,0.0000,0.0000,0.0000,0.0000,0.0000,0.0000,0.0000,0.0000,0.0000,0.0000,0.0000,0.0000,0.0000,0.0000,0.0000,0.0000,0.0000,0.0000,0.0000,0.0000,0.0000,0.0000,0.0000],""relayed_by"":2}",gateway
RELAYED,1,1,1,2,8,86,256,128,154,health_monitor/node_1/cs_ppg,"{""ts"":24716,""hr"":88,""spo2"":98.0,""ppg_valid"":true,""finger"":true,""mean_ir"":75.0000,""ir"":[1.0000,1.0000,1.0000,8.0000,-85.0000,-42.0000,0.0000,0.0000,0.0000,0.0000,0.0000,0.0000,0.0000,0.0000,0.0000,0.0000,0.0000,0.0000,0.0000,0.0000,0.0000,0.0000,0.0000,0.0000,0.0000,0.0000,0.0000,0.0000,0.0000,0.0000,0.0000,0.0000],""relayed_by"":2}",gateway
RELAYED,1,1,1,2,9,90,256,128,154,health_monitor/node_1/cs_ppg,"{""ts"":27732,""hr"":88,""spo2"":98.0,""ppg_valid"":true,""finger"":true,""mean_ir"":75.0000,""ir"":[1.0000,1.0000,1.0000,9.0000,-85.0000,-42.0000,0.0000,0.0000,0.0000,0.0000,0.0000,0.0000,0.0000,0.0000,0.0000,0.0000,0.0000,0.0000,0.0000,0.0000,0.0000,0.0000,0.0000,0.0000,0.0000,0.0000,0.0000,0.0000,0.0000,0.0000,0.0000,0.0000],""relayed_by"":2}",gateway
RELAYED,1,1,1,2,10,83,256,128,154,health_monitor/node_1/cs_ppg,"{""ts"":30749,""hr"":88,""spo2"":98.0,""ppg_valid"":true,""finger"":true,""mean_ir"":75.0000,""ir"":[1.0000,1.0000,1.0000,10.0000,-85.0000,-42.0000,0.0000,0.0000,0.0000,0.0000,0.0000,0.0000,0.0000,0.0000,0.0000,0.0000,0.0000,0.0000,0.0000,0.0000,0.0000,0.0000,0.0000,0.0000,0.0000,0.0000,0.0000,0.0000,0.0000,0.0000,0.0000,0.0000],""relayed_by"":2}",gateway
RELAYED,1,1,1,2,11,83,256,128,154,health_monitor/node_1/cs_ppg,"{""ts"":33762,""hr"":88,""spo2"":98.0,""ppg_valid"":true,""finger"":true,""mean_ir"":75.0000,""ir"":[1.0000,1.0000,1.0000,11.0000,-85.0000,-42.0000,0.0000,0.0000,0.0000,0.0000,0.0000,0.0000,0.0000,0.0000,0.0000,0.0000,0.0000,0.0000,0.0000,0.0000,0.0000,0.0000,0.0000,0.0000,0.0000,0.0000,0.0000,0.0000,0.0000,0.0000,0.0000,0.0000],""relayed_by"":2}",gateway
RELAYED,1,1,1,2,12,83,256,128,154,health_monitor/node_1/cs_ppg,"{""ts"":36778,""hr"":88,""spo2"":98.0,""ppg_valid"":true,""finger"":true,""mean_ir"":75.0000,""ir"":[1.0000,1.0000,1.0000,12.0000,-85.0000,-42.0000,0.0000,0.0000,0.0000,0.0000,0.0000,0.0000,0.0000,0.0000,0.0000,0.0000,0.0000,0.0000,0.0000,0.0000,0.0000,0.0000,0.0000,0.0000,0.0000,0.0000,0.0000,0.0000,0.0000,0.0000,0.0000,0.0000],""relayed_by"":2}",gateway
RELAYED,1,1,1,2,13,81,256,128,154,health_monitor/node_1/cs_ppg,"{""ts"":39792,""hr"":88,""spo2"":98.0,""ppg_valid"":true,""finger"":true,""mean_ir"":75.0000,""ir"":[1.0000,1.0000,1.0000,13.0000,-85.0000,-42.0000,0.0000,0.0000,0.0000,0.0000,0.0000,0.0000,0.0000,0.0000,0.0000,0.0000,0.0000,0.0000,0.0000,0.0000,0.0000,0.0000,0.0000,0.0000,0.0000,0.0000,0.0000,0.0000,0.0000,0.0000,0.0000,0.0000],""relayed_by"":2}",gateway
RELAYED,1,1,1,3,14,85,256,128,154,health_monitor/node_1/cs_ppg,"{""ts"":42805,""hr"":88,""spo2"":98.0,""ppg_valid"":true,""finger"":true,""mean_ir"":75.0000,""ir"":[1.0000,1.0000,2.0000,14.0000,-86.0000,-39.0000,0.0000,0.0000,0.0000,0.0000,0.0000,0.0000,0.0000,0.0000,0.0000,0.0000,0.0000,0.0000,0.0000,0.0000,0.0000,0.0000,0.0000,0.0000,0.0000,0.0000,0.0000,0.0000,0.0000,0.0000,0.0000,0.0000],""relayed_by"":2}",gateway
RELAYED,1,1,1,3,15,81,256,128,154,health_monitor/node_1/cs_ppg,"{""ts"":45818,""hr"":88,""spo2"":98.0,""ppg_valid"":true,""finger"":true,""mean_ir"":75.0000,""ir"":[1.0000,1.0000,2.0000,15.0000,-86.0000,-39.0000,0.0000,0.0000,0.0000,0.0000,0.0000,0.0000,0.0000,0.0000,0.0000,0.0000,0.0000,0.0000,0.0000,0.0000,0.0000,0.0000,0.0000,0.0000,0.0000,0.0000,0.0000,0.0000,0.0000,0.0000,0.0000,0.0000],""relayed_by"":2}",gateway
RELAYED,1,1,1,3,16,84,256,128,154,health_monitor/node_1/cs_ppg,"{""ts"":48832,""hr"":88,""spo2"":98.0,""ppg_valid"":true,""finger"":true,""mean_ir"":75.0000,""ir"":[1.0000,1.0000,2.0000,16.0000,-86.0000,-39.0000,0.0000,0.0000,0.0000,0.0000,0.0000,0.0000,0.0000,0.0000,0.0000,0.0000,0.0000,0.0000,0.0000,0.0000,0.0000,0.0000,0.0000,0.0000,0.0000,0.0000,0.0000,0.0000,0.0000,0.0000,0.0000,0.0000],""relayed_by"":2}",gateway
RELAYED,1,1,1,3,17,83,256,128,154,health_monitor/node_1/cs_ppg,"{""ts"":51855,""hr"":88,""spo2"":98.0,""ppg_valid"":true,""finger"":true,""mean_ir"":75.0000,""ir"":[1.0000,1.0000,2.0000,17.0000,-86.0000,-39.0000,0.0000,0.0000,0.0000,0.0000,0.0000,0.0000,0.0000,0.0000,0.0000,0.0000,0.0000,0.0000,0.0000,0.0000,0.0000,0.0000,0.0000,0.0000,0.0000,0.0000,0.0000,0.0000,0.0000,0.0000,0.0000,0.0000],""relayed_by"":2}",gateway
RELAYED,1,1,1,3,18,84,256,128,154,health_monitor/node_1/cs_ppg,"{""ts"":54871,""hr"":88,""spo2"":98.0,""ppg_valid"":true,""finger"":true,""mean_ir"":75.0000,""ir"":[1.0000,1.0000,2.0000,18.0000,-86.0000,-39.0000,0.0000,0.0000,0.0000,0.0000,0.0000,0.0000,0.0000,0.0000,0.0000,0.0000,0.0000,0.0000,0.0000,0.0000,0.0000,0.0000,0.0000,0.0000,0.0000,0.0000,0.0000,0.0000,0.0000,0.0000,0.0000,0.0000],""relayed_by"":2}",gateway
RELAYED,1,1,1,3,19,84,256,128,154,health_monitor/node_1/cs_ppg,"{""ts"":57885,""hr"":88,""spo2"":98.0,""ppg_valid"":true,""finger"":true,""mean_ir"":75.0000,""ir"":[1.0000,1.0000,2.0000,19.0000,-86.0000,-39.0000,0.0000,0.0000,0.0000,0.0000,0.0000,0.0000,0.0000,0.0000,0.0000,0.0000,0.0000,0.0000,0.0000,0.0000,0.0000,0.0000,0.0000,0.0000,0.0000,0.0000,0.0000,0.0000,0.0000,0.0000,0.0000,0.0000],""relayed_by"":2}",gateway
DIRECT,1,1,1,4,20,78,256,128,146,health_monitor/node_1/cs_ppg,"{""ts"":60899,""hr"":88,""spo2"":98.0,""ppg_valid"":true,""finger"":true,""mean_ir"":75.0000,""ir"":[1.0000,1.0000,3.0000,20.0000,-48.0000,-60.0000,0.0000,0.0000,0.0000,0.0000,0.0000,0.0000,0.0000,0.0000,0.0000,0.0000,0.0000,0.0000,0.0000,0.0000,0.0000,0.0000,0.0000,0.0000,0.0000,0.0000,0.0000,0.0000,0.0000,0.0000,0.0000,0.0000]}",gateway
DIRECT,1,1,1,4,21,79,256,128,146,health_monitor/node_1/cs_ppg,"{""ts"":63914,""hr"":88,""spo2"":98.0,""ppg_valid"":true,""finger"":true,""mean_ir"":75.0000,""ir"":[1.0000,1.0000,3.0000,21.0000,-48.0000,-60.0000,0.0000,0.0000,0.0000,0.0000,0.0000,0.0000,0.0000,0.0000,0.0000,0.0000,0.0000,0.0000,0.0000,0.0000,0.0000,0.0000,0.0000,0.0000,0.0000,0.0000,0.0000,0.0000,0.0000,0.0000,0.0000,0.0000]}",gateway
DIRECT,1,1,1,4,22,77,256,128,146,health_monitor/node_1/cs_ppg,"{""ts"":66931,""hr"":88,""spo2"":98.0,""ppg_valid"":true,""finger"":true,""mean_ir"":75.0000,""ir"":[1.0000,1.0000,3.0000,22.0000,-48.0000,-60.0000,0.0000,0.0000,0.0000,0.0000,0.0000,0.0000,0.0000,0.0000,0.0000,0.0000,0.0000,0.0000,0.0000,0.0000,0.0000,0.0000,0.0000,0.0000,0.0000,0.0000,0.0000,0.0000,0.0000,0.0000,0.0000,0.0000]}",gateway
DIRECT,1,1,1,4,23,75,256,128,146,health_monitor/node_1/cs_ppg,"{""ts"":69946,""hr"":88,""spo2"":98.0,""ppg_valid"":true,""finger"":true,""mean_ir"":75.0000,""ir"":[1.0000,1.0000,3.0000,23.0000,-48.0000,-60.0000,0.0000,0.0000,0.0000,0.0000,0.0000,0.0000,0.0000,0.0000,0.0000,0.0000,0.0000,0.0000,0.0000,0.0000,0.0000,0.0000,0.0000,0.0000,0.0000,0.0000,0.0000,0.0000,0.0000,0.0000,0.0000,0.0000]}",gateway
DIRECT,1,1,1,4,24,76,256,128,146,health_monitor/node_1/cs_ppg,"{""ts"":72959,""hr"":88,""spo2"":98.0,""ppg_valid"":true,""finger"":true,""mean_ir"":75.0000,""ir"":[1.0000,1.0000,3.0000,24.0000,-48.0000,-60.0000,0.0000,0.0000,0.0000,0.0000,0.0000,0.0000,0.0000,0.0000,0.0000,0.0000,0.0000,0.0000,0.0000,0.0000,0.0000,0.0000,0.0000,0.0000,0.0000,0.0000,0.0000,0.0000,0.0000,0.0000,0.0000,0.0000]}",gateway
DIRECT,1,1,1,4,25,78,256,128,146,health_monitor/node_1/cs_ppg,"{""ts"":75983,""hr"":88,""spo2"":98.0,""ppg_valid"":true,""finger"":true,""mean_ir"":75.0000,""ir"":[1.0000,1.0000,3.0000,25.0000,-48.0000,-60.0000,0.0000,0.0000,0.0000,0.0000,0.0000,0.0000,0.0000,0.0000,0.0000,0.0000,0.0000,0.0000,0.0000,0.0000,0.0000,0.0000,0.0000,0.0000,0.0000,0.0000,0.0000,0.0000,0.0000,0.0000,0.0000,0.0000]}",gateway
DIRECT,1,1,1,4,26,75,256,128,146,health_monitor/node_1/cs_ppg,"{""ts"":78999,""hr"":88,""spo2"":98.0,""ppg_valid"":true,""finger"":true,""mean_ir"":75.0000,""ir"":[1.0000,1.0000,3.0000,26.0000,-48.0000,-60.0000,0.0000,0.0000,0.0000,0.0000,0.0000,0.0000,0.0000,0.0000,0.0000,0.0000,0.0000,0.0000,0.0000,0.0000,0.0000,0.0000,0.0000,0.0000,0.0000,0.0000,0.0000,0.0000,0.0000,0.0000,0.0000,0.0000]}",gateway
DIRECT,1,1,2,1,27,77,256,128,146,health_monitor/node_1/cs_ppg,"{""ts"":82012,""hr"":88,""spo2"":98.0,""ppg_valid"":true,""finger"":true,""mean_ir"":75.0000,""ir"":[1.0000,2.0000,0.0000,27.0000,-47.0000,-57.0000,0.0000,0.0000,0.0000,0.0000,0.0000,0.0000,0.0000,0.0000,0.0000,0.0000,0.0000,0.0000,0.0000,0.0000,0.0000,0.0000,0.0000,0.0000,0.0000,0.0000,0.0000,0.0000,0.0000,0.0000,0.0000,0.0000]}",gateway
DIRECT,1,1,2,1,28,75,256,128,146,health_monitor/node_1/cs_ppg,"{""ts"":85028,""hr"":88,""spo2"":98.0,""ppg_valid"":true,""finger"":true,""mean_ir"":75.0000,""ir"":[1.0000,2.0000,0.0000,28.0000,-47.0000,-57.0000,0.0000,0.0000,0.0000,0.0000,0.0000,0.0000,0.0000,0.0000,0.0000,0.0000,0.0000,0.0000,0.0000,0.0000,0.0000,0.0000,0.0000,0.0000,0.0000,0.0000,0.0000,0.0000,0.0000,0.0000,0.0000,0.0000]}",gateway
DIRECT,1,1,2,1,29,74,256,128,146,health_monitor/node_1/cs_ppg,"{""ts"":88042,""hr"":88,""spo2"":98.0,""ppg_valid"":true,""finger"":true,""mean_ir"":75.0000,""ir"":[1.0000,2.0000,0.0000,29.0000,-47.0000,-57.0000,0.0000,0.0000,0.0000,0.0000,0.0000,0.0000,0.0000,0.0000,0.0000,0.0000,0.0000,0.0000,0.0000,0.0000,0.0000,0.0000,0.0000,0.0000,0.0000,0.0000,0.0000,0.0000,0.0000,0.0000,0.0000,0.0000]}",gateway
DIRECT,1,1,2,1,30,74,256,128,146,health_monitor/node_1/cs_ppg,"{""ts"":91066,""hr"":88,""spo2"":98.0,""ppg_valid"":true,""finger"":true,""mean_ir"":75.0000,""ir"":[1.0000,2.0000,0.0000,30.0000,-47.0000,-57.0000,0.0000,0.0000,0.0000,0.0000,0.0000,0.0000,0.0000,0.0000,0.0000,0.0000,0.0000,0.0000,0.0000,0.0000,0.0000,0.0000,0.0000,0.0000,0.0000,0.0000,0.0000,0.0000,0.0000,0.0000,0.0000,0.0000]}",gateway
DIRECT,1,1,2,1,31,75,256,128,146,health_monitor/node_1/cs_ppg,"{""ts"":94079,""hr"":88,""spo2"":98.0,""ppg_valid"":true,""finger"":true,""mean_ir"":75.0000,""ir"":[1.0000,2.0000,0.0000,31.0000,-47.0000,-57.0000,0.0000,0.0000,0.0000,0.0000,0.0000,0.0000,0.0000,0.0000,0.0000,0.0000,0.0000,0.0000,0.0000,0.0000,0.0000,0.0000,0.0000,0.0000,0.0000,0.0000,0.0000,0.0000,0.0000,0.0000,0.0000,0.0000]}",gateway
DIRECT,1,1,2,1,32,74,256,128,146,health_monitor/node_1/cs_ppg,"{""ts"":97093,""hr"":88,""spo2"":98.0,""ppg_valid"":true,""finger"":true,""mean_ir"":75.0000,""ir"":[1.0000,2.0000,0.0000,32.0000,-47.0000,-57.0000,0.0000,0.0000,0.0000,0.0000,0.0000,0.0000,0.0000,0.0000,0.0000,0.0000,0.0000,0.0000,0.0000,0.0000,0.0000,0.0000,0.0000,0.0000,0.0000,0.0000,0.0000,0.0000,0.0000,0.0000,0.0000,0.0000]}",gateway
RELAYED,1,1,2,2,33,79,256,128,154,health_monitor/node_1/cs_ppg,"{""ts"":100107,""hr"":88,""spo2"":98.0,""ppg_valid"":true,""finger"":true,""mean_ir"":75.0000,""ir"":[1.0000,2.0000,1.0000,33.0000,-81.0000,-44.0000,0.0000,0.0000,0.0000,0.0000,0.0000,0.0000,0.0000,0.0000,0.0000,0.0000,0.0000,0.0000,0.0000,0.0000,0.0000,0.0000,0.0000,0.0000,0.0000,0.0000,0.0000,0.0000,0.0000,0.0000,0.0000,0.0000],""relayed_by"":2}",gateway
RELAYED,1,1,2,2,34,80,256,128,154,health_monitor/node_1/cs_ppg,"{""ts"":103120,""hr"":88,""spo2"":98.0,""ppg_valid"":true,""finger"":true,""mean_ir"":75.0000,""ir"":[1.0000,2.0000,1.0000,34.0000,-81.0000,-44.0000,0.0000,0.0000,0.0000,0.0000,0.0000,0.0000,0.0000,0.0000,0.0000,0.0000,0.0000,0.0000,0.0000,0.0000,0.0000,0.0000,0.0000,0.0000,0.0000,0.0000,0.0000,0.0000,0.0000,0.0000,0.0000,0.0000],""relayed_by"":2}",gateway
RELAYED,1,1,2,2,35,77,256,128,154,health_monitor/node_1/cs_ppg,"{""ts"":106135,""hr"":88,""spo2"":98.0,""ppg_valid"":true,""finger"":true,""mean_ir"":75.0000,""ir"":[1.0000,2.0000,1.0000,35.0000,-81.0000,-44.0000,0.0000,0.0000,0.0000,0.0000,0.0000,0.0000,0.0000,0.0000,0.0000,0.0000,0.0000,0.0000,0.0000,0.0000,0.0000,0.0000,0.0000,0.0000,0.0000,0.0000,0.0000,0.0000,0.0000,0.0000,0.0000,0.0000],""relayed_by"":2}",gateway
RELAYED,1,1,2,2,36,77,256,128,154,health_monitor/node_1/cs_ppg,"{""ts"":109148,""hr"":88,""spo2"":98.0,""ppg_valid"":true,""finger"":true,""mean_ir"":75.0000,""ir"":[1.0000,2.0000,1.0000,36.0000,-81.0000,-44.0000,0.0000,0.0000,0.0000,0.0000,0.0000,0.0000,0.0000,0.0000,0.0000,0.0000,0.0000,0.0000,0.0000,0.0000,0.0000,0.0000,0.0000,0.0000,0.0000,0.0000,0.0000,0.0000,0.0000,0.0000,0.0000,0.0000],""relayed_by"":2}",gateway
RELAYED,1,1,2,2,37,88,256,128,154,health_monitor/node_1/cs_ppg,"{""ts"":112161,""hr"":88,""spo2"":98.0,""ppg_valid"":true,""finger"":true,""mean_ir"":75.0000,""ir"":[1.0000,2.0000,1.0000,37.0000,-81.0000,-44.0000,0.0000,0.0000,0.0000,0.0000,0.0000,0.0000,0.0000,0.0000,0.0000,0.0000,0.0000,0.0000,0.0000,0.0000,0.0000,0.0000,0.0000,0.0000,0.0000,0.0000,0.0000,0.0000,0.0000,0.0000,0.0000,0.0000],""relayed_by"":2}",gateway
RELAYED,1,1,2,2,38,85,256,128,154,health_monitor/node_1/cs_ppg,"{""ts"":115179,""hr"":88,""spo2"":98.0,""ppg_valid"":true,""finger"":true,""mean_ir"":75.0000,""ir"":[1.0000,2.0000,1.0000,38.0000,-81.0000,-44.0000,0.0000,0.0000,0.0000,0.0000,0.0000,0.0000,0.0000,0.0000,0.0000,0.0000,0.0000,0.0000,0.0000,0.0000,0.0000,0.0000,0.0000,0.0000,0.0000,0.0000,0.0000,0.0000,0.0000,0.0000,0.0000,0.0000],""relayed_by"":2}",gateway
RELAYED,1,1,2,2,39,79,256,128,154,health_monitor/node_1/cs_ppg,"{""ts"":118196,""hr"":88,""spo2"":98.0,""ppg_valid"":true,""finger"":true,""mean_ir"":75.0000,""ir"":[1.0000,2.0000,1.0000,39.0000,-81.0000,-44.0000,0.0000,0.0000,0.0000,0.0000,0.0000,0.0000,0.0000,0.0000,0.0000,0.0000,0.0000,0.0000,0.0000,0.0000,0.0000,0.0000,0.0000,0.0000,0.0000,0.0000,0.0000,0.0000,0.0000,0.0000,0.0000,0.0000],""relayed_by"":2}",gateway
RELAYED,1,1,2,3,40,76,256,128,154,health_monitor/node_1/cs_ppg,"{""ts"":121220,""hr"":88,""spo2"":98.0,""ppg_valid"":true,""finger"":true,""mean_ir"":75.0000,""ir"":[1.0000,2.0000,2.0000,40.0000,-88.0000,-43.0000,0.0000,0.0000,0.0000,0.0000,0.0000,0.0000,0.0000,0.0000,0.0000,0.0000,0.0000,0.0000,0.0000,0.0000,0.0000,0.0000,0.0000,0.0000,0.0000,0.0000,0.0000,0.0000,0.0000,0.0000,0.0000,0.0000],""relayed_by"":2}",gateway
RELAYED,1,1,2,3,41,81,256,128,154,health_monitor/node_1/cs_ppg,"{""ts"":124233,""hr"":88,""spo2"":98.0,""ppg_valid"":true,""finger"":true,""mean_ir"":75.0000,""ir"":[1.0000,2.0000,2.0000,41.0000,-88.0000,-43.0000,0.0000,0.0000,0.0000,0.0000,0.0000,0.0000,0.0000,0.0000,0.0000,0.0000,0.0000,0.0000,0.0000,0.0000,0.0000,0.0000,0.0000,0.0000,0.0000,0.0000,0.0000,0.0000,0.0000,0.0000,0.0000,0.0000],""relayed_by"":2}",gateway
RELAYED,1,1,2,3,42,78,256,128,154,health_monitor/node_1/cs_ppg,"{""ts"":127246,""hr"":88,""spo2"":98.0,""ppg_valid"":true,""finger"":true,""mean_ir"":75.0000,""ir"":[1.0000,2.0000,2.0000,42.0000,-88.0000,-43.0000,0.0000,0.0000,0.0000,0.0000,0.0000,0.0000,0.0000,0.0000,0.0000,0.0000,0.0000,0.0000,0.0000,0.0000,0.0000,0.0000,0.0000,0.0000,0.0000,0.0000,0.0000,0.0000,0.0000,0.0000,0.0000,0.0000],""relayed_by"":2}",gateway
RELAYED,1,1,2,3,43,82,256,128,154,health_monitor/node_1/cs_ppg,"{""ts"":130259,""hr"":88,""spo2"":98.0,""ppg_valid"":true,""finger"":true,""mean_ir"":75.0000,""ir"":[1.0000,2.0000,2.0000,43.0000,-88.0000,-43.0000,0.0000,0.0000,0.0000,0.0000,0.0000,0.0000,0.0000,0.0000,0.0000,0.0000,0.0000,0.0000,0.0000,0.0000,0.0000,0.0000,0.0000,0.0000,0.0000,0.0000,0.0000,0.0000,0.0000,0.0000,0.0000,0.0000],""relayed_by"":2}",gateway
RELAYED,1,1,2,3,44,80,256,128,154,health_monitor/node_1/cs_ppg,"{""ts"":133272,""hr"":88,""spo2"":98.0,""ppg_valid"":true,""finger"":true,""mean_ir"":75.0000,""ir"":[1.0000,2.0000,2.0000,44.0000,-88.0000,-43.0000,0.0000,0.0000,0.0000,0.0000,0.0000,0.0000,0.0000,0.0000,0.0000,0.0000,0.0000,0.0000,0.0000,0.0000,0.0000,0.0000,0.0000,0.0000,0.0000,0.0000,0.0000,0.0000,0.0000,0.0000,0.0000,0.0000],""relayed_by"":2}",gateway
RELAYED,1,1,2,3,45,82,256,128,154,health_monitor/node_1/cs_ppg,"{""ts"":136288,""hr"":88,""spo2"":98.0,""ppg_valid"":true,""finger"":true,""mean_ir"":75.0000,""ir"":[1.0000,2.0000,2.0000,45.0000,-88.0000,-43.0000,0.0000,0.0000,0.0000,0.0000,0.0000,0.0000,0.0000,0.0000,0.0000,0.0000,0.0000,0.0000,0.0000,0.0000,0.0000,0.0000,0.0000,0.0000,0.0000,0.0000,0.0000,0.0000,0.0000,0.0000,0.0000,0.0000],""relayed_by"":2}",gateway
RELAYED,1,1,2,3,46,80,256,128,154,health_monitor/node_1/cs_ppg,"{""ts"":139304,""hr"":88,""spo2"":98.0,""ppg_valid"":true,""finger"":true,""mean_ir"":75.0000,""ir"":[1.0000,2.0000,2.0000,46.0000,-88.0000,-43.0000,0.0000,0.0000,0.0000,0.0000,0.0000,0.0000,0.0000,0.0000,0.0000,0.0000,0.0000,0.0000,0.0000,0.0000,0.0000,0.0000,0.0000,0.0000,0.0000,0.0000,0.0000,0.0000,0.0000,0.0000,0.0000,0.0000],""relayed_by"":2}",gateway
DIRECT,1,1,2,4,47,72,256,128,146,health_monitor/node_1/cs_ppg,"{""ts"":142317,""hr"":88,""spo2"":98.0,""ppg_valid"":true,""finger"":true,""mean_ir"":75.0000,""ir"":[1.0000,2.0000,3.0000,47.0000,-51.0000,-60.0000,0.0000,0.0000,0.0000,0.0000,0.0000,0.0000,0.0000,0.0000,0.0000,0.0000,0.0000,0.0000,0.0000,0.0000,0.0000,0.0000,0.0000,0.0000,0.0000,0.0000,0.0000,0.0000,0.0000,0.0000,0.0000,0.0000]}",gateway
DIRECT,1,1,2,4,48,78,256,128,146,health_monitor/node_1/cs_ppg,"{""ts"":145330,""hr"":88,""spo2"":98.0,""ppg_valid"":true,""finger"":true,""mean_ir"":75.0000,""ir"":[1.0000,2.0000,3.0000,48.0000,-51.0000,-60.0000,0.0000,0.0000,0.0000,0.0000,0.0000,0.0000,0.0000,0.0000,0.0000,0.0000,0.0000,0.0000,0.0000,0.0000,0.0000,0.0000,0.0000,0.0000,0.0000,0.0000,0.0000,0.0000,0.0000,0.0000,0.0000,0.0000]}",gateway
DIRECT,1,1,2,4,49,75,256,128,146,health_monitor/node_1/cs_ppg,"{""ts"":148350,""hr"":88,""spo2"":98.0,""ppg_valid"":true,""finger"":true,""mean_ir"":75.0000,""ir"":[1.0000,2.0000,3.0000,49.0000,-51.0000,-60.0000,0.0000,0.0000,0.0000,0.0000,0.0000,0.0000,0.0000,0.0000,0.0000,0.0000,0.0000,0.0000,0.0000,0.0000,0.0000,0.0000,0.0000,0.0000,0.0000,0.0000,0.0000,0.0000,0.0000,0.0000,0.0000,0.0000]}",gateway
DIRECT,1,1,2,4,50,71,256,128,146,health_monitor/node_1/cs_ppg,"{""ts"":151367,""hr"":88,""spo2"":98.0,""ppg_valid"":true,""finger"":true,""mean_ir"":75.0000,""ir"":[1.0000,2.0000,3.0000,50.0000,-51.0000,-60.0000,0.0000,0.0000,0.0000,0.0000,0.0000,0.0000,0.0000,0.0000,0.0000,0.0000,0.0000,0.0000,0.0000,0.0000,0.0000,0.0000,0.0000,0.0000,0.0000,0.0000,0.0000,0.0000,0.0000,0.0000,0.0000,0.0000]}",gateway
DIRECT,1,1,2,4,51,71,256,128,146,health_monitor/node_1/cs_ppg,"{""ts"":154380,""hr"":88,""spo2"":98.0,""ppg_valid"":true,""finger"":true,""mean_ir"":75.0000,""ir"":[1.0000,2.0000,3.0000,51.0000,-51.0000,-60.0000,0.0000,0.0000,0.0000,0.0000,0.0000,0.0000,0.0000,0.0000,0.0000,0.0000,0.0000,0.0000,0.0000,0.0000,0.0000,0.0000,0.0000,0.0000,0.0000,0.0000,0.0000,0.0000,0.0000,0.0000,0.0000,0.0000]}",gateway
DIRECT,1,1,2,4,52,76,256,128,146,health_monitor/node_1/cs_ppg,"{""ts"":157393,""hr"":88,""spo2"":98.0,""ppg_valid"":true,""finger"":true,""mean_ir"":75.0000,""ir"":[1.0000,2.0000,3.0000,52.0000,-51.0000,-60.0000,0.0000,0.0000,0.0000,0.0000,0.0000,0.0000,0.0000,0.0000,0.0000,0.0000,0.0000,0.0000,0.0000,0.0000,0.0000,0.0000,0.0000,0.0000,0.0000,0.0000,0.0000,0.0000,0.0000,0.0000,0.0000,0.0000]}",gateway
DIRECT,1,1,3,1,53,71,256,128,146,health_monitor/node_1/cs_ppg,"{""ts"":160411,""hr"":88,""spo2"":98.0,""ppg_valid"":true,""finger"":true,""mean_ir"":75.0000,""ir"":[1.0000,3.0000,0.0000,53.0000,-49.0000,-54.0000,0.0000,0.0000,0.0000,0.0000,0.0000,0.0000,0.0000,0.0000,0.0000,0.0000,0.0000,0.0000,0.0000,0.0000,0.0000,0.0000,0.0000,0.0000,0.0000,0.0000,0.0000,0.0000,0.0000,0.0000,0.0000,0.0000]}",gateway
DIRECT,1,1,3,1,54,70,256,128,146,health_monitor/node_1/cs_ppg,"{""ts"":163435,""hr"":88,""spo2"":98.0,""ppg_valid"":true,""finger"":true,""mean_ir"":75.0000,""ir"":[1.0000,3.0000,0.0000,54.0000,-49.0000,-54.0000,0.0000,0.0000,0.0000,0.0000,0.0000,0.0000,0.0000,0.0000,0.0000,0.0000,0.0000,0.0000,0.0000,0.0000,0.0000,0.0000,0.0000,0.0000,0.0000,0.0000,0.0000,0.0000,0.0000,0.0000,0.0000,0.0000]}",gateway
DIRECT,1,1,3,1,55,71,256,128,146,health_monitor/node_1/cs_ppg,"{""ts"":166448,""hr"":88,""spo2"":98.0,""ppg_valid"":true,""finger"":true,""mean_ir"":75.0000,""ir"":[1.0000,3.0000,0.0000,55.0000,-49.0000,-54.0000,0.0000,0.0000,0.0000,0.0000,0.0000,0.0000,0.0000,0.0000,0.0000,0.0000,0.0000,0.0000,0.0000,0.0000,0.0000,0.0000,0.0000,0.0000,0.0000,0.0000,0.0000,0.0000,0.0000,0.0000,0.0000,0.0000]}",gateway
DIRECT,1,1,3,1,56,72,256,128,146,health_monitor/node_1/cs_ppg,"{""ts"":169462,""hr"":88,""spo2"":98.0,""ppg_valid"":true,""finger"":true,""mean_ir"":75.0000,""ir"":[1.0000,3.0000,0.0000,56.0000,-49.0000,-54.0000,0.0000,0.0000,0.0000,0.0000,0.0000,0.0000,0.0000,0.0000,0.0000,0.0000,0.0000,0.0000,0.0000,0.0000,0.0000,0.0000,0.0000,0.0000,0.0000,0.0000,0.0000,0.0000,0.0000,0.0000,0.0000,0.0000]}",gateway
DIRECT,1,1,3,1,57,71,256,128,146,health_monitor/node_1/cs_ppg,"{""ts"":172477,""hr"":88,""spo2"":98.0,""ppg_valid"":true,""finger"":true,""mean_ir"":75.0000,""ir"":[1.0000,3.0000,0.0000,57.0000,-49.0000,-54.0000,0.0000,0.0000,0.0000,0.0000,0.0000,0.0000,0.0000,0.0000,0.0000,0.0000,0.0000,0.0000,0.0000,0.0000,0.0000,0.0000,0.0000,0.0000,0.0000,0.0000,0.0000,0.0000,0.0000,0.0000,0.0000,0.0000]}",gateway
DIRECT,1,1,3,1,58,70,256,128,146,health_monitor/node_1/cs_ppg,"{""ts"":175491,""hr"":88,""spo2"":98.0,""ppg_valid"":true,""finger"":true,""mean_ir"":75.0000,""ir"":[1.0000,3.0000,0.0000,58.0000,-49.0000,-54.0000,0.0000,0.0000,0.0000,0.0000,0.0000,0.0000,0.0000,0.0000,0.0000,0.0000,0.0000,0.0000,0.0000,0.0000,0.0000,0.0000,0.0000,0.0000,0.0000,0.0000,0.0000,0.0000,0.0000,0.0000,0.0000,0.0000]}",gateway
DIRECT,1,1,3,1,59,76,256,128,146,health_monitor/node_1/cs_ppg,"{""ts"":178515,""hr"":88,""spo2"":98.0,""ppg_valid"":true,""finger"":true,""mean_ir"":75.0000,""ir"":[1.0000,3.0000,0.0000,59.0000,-49.0000,-54.0000,0.0000,0.0000,0.0000,0.0000,0.0000,0.0000,0.0000,0.0000,0.0000,0.0000,0.0000,0.0000,0.0000,0.0000,0.0000,0.0000,0.0000,0.0000,0.0000,0.0000,0.0000,0.0000,0.0000,0.0000,0.0000,0.0000]}",gateway
RELAYED,1,1,3,2,60,77,256,128,154,health_monitor/node_1/cs_ppg,"{""ts"":181534,""hr"":88,""spo2"":98.0,""ppg_valid"":true,""finger"":true,""mean_ir"":75.0000,""ir"":[1.0000,3.0000,1.0000,60.0000,-80.0000,-41.0000,0.0000,0.0000,0.0000,0.0000,0.0000,0.0000,0.0000,0.0000,0.0000,0.0000,0.0000,0.0000,0.0000,0.0000,0.0000,0.0000,0.0000,0.0000,0.0000,0.0000,0.0000,0.0000,0.0000,0.0000,0.0000,0.0000],""relayed_by"":2}",gateway
RELAYED,1,1,3,2,61,74,256,128,154,health_monitor/node_1/cs_ppg,"{""ts"":184551,""hr"":88,""spo2"":98.0,""ppg_valid"":true,""finger"":true,""mean_ir"":75.0000,""ir"":[1.0000,3.0000,1.0000,61.0000,-80.0000,-41.0000,0.0000,0.0000,0.0000,0.0000,0.0000,0.0000,0.0000,0.0000,0.0000,0.0000,0.0000,0.0000,0.0000,0.0000,0.0000,0.0000,0.0000,0.0000,0.0000,0.0000,0.0000,0.0000,0.0000,0.0000,0.0000,0.0000],""relayed_by"":2}",gateway
RELAYED,1,1,3,2,62,75,256,128,154,health_monitor/node_1/cs_ppg,"{""ts"":187564,""hr"":88,""spo2"":98.0,""ppg_valid"":true,""finger"":true,""mean_ir"":75.0000,""ir"":[1.0000,3.0000,1.0000,62.0000,-80.0000,-41.0000,0.0000,0.0000,0.0000,0.0000,0.0000,0.0000,0.0000,0.0000,0.0000,0.0000,0.0000,0.0000,0.0000,0.0000,0.0000,0.0000,0.0000,0.0000,0.0000,0.0000,0.0000,0.0000,0.0000,0.0000,0.0000,0.0000],""relayed_by"":2}",gateway
RELAYED,1,1,3,2,63,75,256,128,154,health_monitor/node_1/cs_ppg,"{""ts"":190589,""hr"":88,""spo2"":98.0,""ppg_valid"":true,""finger"":true,""mean_ir"":75.0000,""ir"":[1.0000,3.0000,1.0000,63.0000,-80.0000,-41.0000,0.0000,0.0000,0.0000,0.0000,0.0000,0.0000,0.0000,0.0000,0.0000,0.0000,0.0000,0.0000,0.0000,0.0000,0.0000,0.0000,0.0000,0.0000,0.0000,0.0000,0.0000,0.0000,0.0000,0.0000,0.0000,0.0000],""relayed_by"":2}",gateway
RELAYED,1,1,3,2,64,74,256,128,154,health_monitor/node_1/cs_ppg,"{""ts"":193602,""hr"":88,""spo2"":98.0,""ppg_valid"":true,""finger"":true,""mean_ir"":75.0000,""ir"":[1.0000,3.0000,1.0000,64.0000,-80.0000,-41.0000,0.0000,0.0000,0.0000,0.0000,0.0000,0.0000,0.0000,0.0000,0.0000,0.0000,0.0000,0.0000,0.0000,0.0000,0.0000,0.0000,0.0000,0.0000,0.0000,0.0000,0.0000,0.0000,0.0000,0.0000,0.0000,0.0000],""relayed_by"":2}",gateway
RELAYED,1,1,3,2,65,75,256,128,154,health_monitor/node_1/cs_ppg,"{""ts"":196615,""hr"":88,""spo2"":98.0,""ppg_valid"":true,""finger"":true,""mean_ir"":75.0000,""ir"":[1.0000,3.0000,1.0000,65.0000,-80.0000,-41.0000,0.0000,0.0000,0.0000,0.0000,0.0000,0.0000,0.0000,0.0000,0.0000,0.0000,0.0000,0.0000,0.0000,0.0000,0.0000,0.0000,0.0000,0.0000,0.0000,0.0000,0.0000,0.0000,0.0000,0.0000,0.0000,0.0000],""relayed_by"":2}",gateway
RELAYED,1,1,3,2,66,82,256,128,154,health_monitor/node_1/cs_ppg,"{""ts"":199629,""hr"":88,""spo2"":98.0,""ppg_valid"":true,""finger"":true,""mean_ir"":75.0000,""ir"":[1.0000,3.0000,1.0000,66.0000,-80.0000,-41.0000,0.0000,0.0000,0.0000,0.0000,0.0000,0.0000,0.0000,0.0000,0.0000,0.0000,0.0000,0.0000,0.0000,0.0000,0.0000,0.0000,0.0000,0.0000,0.0000,0.0000,0.0000,0.0000,0.0000,0.0000,0.0000,0.0000],""relayed_by"":2}",gateway
RELAYED,1,1,3,3,67,76,256,128,154,health_monitor/node_1/cs_ppg,"{""ts"":202647,""hr"":88,""spo2"":98.0,""ppg_valid"":true,""finger"":true,""mean_ir"":75.0000,""ir"":[1.0000,3.0000,2.0000,67.0000,-84.0000,-41.0000,0.0000,0.0000,0.0000,0.0000,0.0000,0.0000,0.0000,0.0000,0.0000,0.0000,0.0000,0.0000,0.0000,0.0000,0.0000,0.0000,0.0000,0.0000,0.0000,0.0000,0.0000,0.0000,0.0000,0.0000,0.0000,0.0000],""relayed_by"":2}",gateway
RELAYED,1,1,3,3,68,77,256,128,154,health_monitor/node_1/cs_ppg,"{""ts"":205663,""hr"":88,""spo2"":98.0,""ppg_valid"":true,""finger"":true,""mean_ir"":75.0000,""ir"":[1.0000,3.0000,2.0000,68.0000,-84.0000,-41.0000,0.0000,0.0000,0.0000,0.0000,0.0000,0.0000,0.0000,0.0000,0.0000,0.0000,0.0000,0.0000,0.0000,0.0000,0.0000,0.0000,0.0000,0.0000,0.0000,0.0000,0.0000,0.0000,0.0000,0.0000,0.0000,0.0000],""relayed_by"":2}",gateway
RELAYED,1,1,3,3,69,72,256,128,154,health_monitor/node_1/cs_ppg,"{""ts"":208676,""hr"":88,""spo2"":98.0,""ppg_valid"":true,""finger"":true,""mean_ir"":75.0000,""ir"":[1.0000,3.0000,2.0000,69.0000,-84.0000,-41.0000,0.0000,0.0000,0.0000,0.0000,0.0000,0.0000,0.0000,0.0000,0.0000,0.0000,0.0000,0.0000,0.0000,0.0000,0.0000,0.0000,0.0000,0.0000,0.0000,0.0000,0.0000,0.0000,0.0000,0.0000,0.0000,0.0000],""relayed_by"":2}",gateway
RELAYED,1,1,3,3,70,72,256,128,154,health_monitor/node_1/cs_ppg,"{""ts"":211689,""hr"":88,""spo2"":98.0,""ppg_valid"":true,""finger"":true,""mean_ir"":75.0000,""ir"":[1.0000,3.0000,2.0000,70.0000,-84.0000,-41.0000,0.0000,0.0000,0.0000,0.0000,0.0000,0.0000,0.0000,0.0000,0.0000,0.0000,0.0000,0.0000,0.0000,0.0000,0.0000,0.0000,0.0000,0.0000,0.0000,0.0000,0.0000,0.0000,0.0000,0.0000,0.0000,0.0000],""relayed_by"":2}",gateway
RELAYED,1,1,3,3,71,73,256,128,154,health_monitor/node_1/cs_ppg,"{""ts"":214702,""hr"":88,""spo2"":98.0,""ppg_valid"":true,""finger"":true,""mean_ir"":75.0000,""ir"":[1.0000,3.0000,2.0000,71.0000,-84.0000,-41.0000,0.0000,0.0000,0.0000,0.0000,0.0000,0.0000,0.0000,0.0000,0.0000,0.0000,0.0000,0.0000,0.0000,0.0000,0.0000,0.0000,0.0000,0.0000,0.0000,0.0000,0.0000,0.0000,0.0000,0.0000,0.0000,0.0000],""relayed_by"":2}",gateway
RELAYED,1,1,3,3,72,76,256,128,154,health_monitor/node_1/cs_ppg,"{""ts"":217715,""hr"":88,""spo2"":98.0,""ppg_valid"":true,""finger"":true,""mean_ir"":75.0000,""ir"":[1.0000,3.0000,2.0000,72.0000,-84.0000,-41.0000,0.0000,0.0000,0.0000,0.0000,0.0000,0.0000,0.0000,0.0000,0.0000,0.0000,0.0000,0.0000,0.0000,0.0000,0.0000,0.0000,0.0000,0.0000,0.0000,0.0000,0.0000,0.0000,0.0000,0.0000,0.0000,0.0000],""relayed_by"":2}",gateway
RELAYED,1,1,3,4,73,78,256,128,154,health_monitor/node_1/cs_ppg,"{""ts"":220730,""hr"":88,""spo2"":98.0,""ppg_valid"":true,""finger"":true,""mean_ir"":75.0000,""ir"":[1.0000,3.0000,3.0000,73.0000,-50.0000,-65.0000,0.0000,0.0000,0.0000,0.0000,0.0000,0.0000,0.0000,0.0000,0.0000,0.0000,0.0000,0.0000,0.0000,0.0000,0.0000,0.0000,0.0000,0.0000,0.0000,0.0000,0.0000,0.0000,0.0000,0.0000,0.0000,0.0000],""relayed_by"":2}",gateway
DIRECT,1,1,3,4,74,68,256,128,146,health_monitor/node_1/cs_ppg,"{""ts"":223745,""hr"":88,""spo2"":98.0,""ppg_valid"":true,""finger"":true,""mean_ir"":75.0000,""ir"":[1.0000,3.0000,3.0000,74.0000,-50.0000,-65.0000,0.0000,0.0000,0.0000,0.0000,0.0000,0.0000,0.0000,0.0000,0.0000,0.0000,0.0000,0.0000,0.0000,0.0000,0.0000,0.0000,0.0000,0.0000,0.0000,0.0000,0.0000,0.0000,0.0000,0.0000,0.0000,0.0000]}",gateway
DIRECT,1,1,3,4,75,68,256,128,146,health_monitor/node_1/cs_ppg,"{""ts"":226758,""hr"":88,""spo2"":98.0,""ppg_valid"":true,""finger"":true,""mean_ir"":75.0000,""ir"":[1.0000,3.0000,3.0000,75.0000,-50.0000,-65.0000,0.0000,0.0000,0.0000,0.0000,0.0000,0.0000,0.0000,0.0000,0.0000,0.0000,0.0000,0.0000,0.0000,0.0000,0.0000,0.0000,0.0000,0.0000,0.0000,0.0000,0.0000,0.0000,0.0000,0.0000,0.0000,0.0000]}",gateway
DIRECT,1,1,3,4,76,67,256,128,146,health_monitor/node_1/cs_ppg,"{""ts"":229771,""hr"":88,""spo2"":98.0,""ppg_valid"":true,""finger"":true,""mean_ir"":75.0000,""ir"":[1.0000,3.0000,3.0000,76.0000,-50.0000,-65.0000,0.0000,0.0000,0.0000,0.0000,0.0000,0.0000,0.0000,0.0000,0.0000,0.0000,0.0000,0.0000,0.0000,0.0000,0.0000,0.0000,0.0000,0.0000,0.0000,0.0000,0.0000,0.0000,0.0000,0.0000,0.0000,0.0000]}",gateway
DIRECT,1,1,3,4,77,70,256,128,146,health_monitor/node_1/cs_ppg,"{""ts"":232784,""hr"":88,""spo2"":98.0,""ppg_valid"":true,""finger"":true,""mean_ir"":75.0000,""ir"":[1.0000,3.0000,3.0000,77.0000,-50.0000,-65.0000,0.0000,0.0000,0.0000,0.0000,0.0000,0.0000,0.0000,0.0000,0.0000,0.0000,0.0000,0.0000,0.0000,0.0000,0.0000,0.0000,0.0000,0.0000,0.0000,0.0000,0.0000,0.0000,0.0000,0.0000,0.0000,0.0000]}",gateway
DIRECT,1,1,3,4,78,73,256,128,146,health_monitor/node_1/cs_ppg,"{""ts"":235800,""hr"":88,""spo2"":98.0,""ppg_valid"":true,""finger"":true,""mean_ir"":75.0000,""ir"":[1.0000,3.0000,3.0000,78.0000,-50.0000,-65.0000,0.0000,0.0000,0.0000,0.0000,0.0000,0.0000,0.0000,0.0000,0.0000,0.0000,0.0000,0.0000,0.0000,0.0000,0.0000,0.0000,0.0000,0.0000,0.0000,0.0000,0.0000,0.0000,0.0000,0.0000,0.0000,0.0000]}",gateway
DIRECT,1,1,3,4,79,68,256,128,146,health_monitor/node_1/cs_ppg,"{""ts"":238819,""hr"":88,""spo2"":98.0,""ppg_valid"":true,""finger"":true,""mean_ir"":75.0000,""ir"":[1.0000,3.0000,3.0000,79.0000,-50.0000,-65.0000,0.0000,0.0000,0.0000,0.0000,0.0000,0.0000,0.0000,0.0000,0.0000,0.0000,0.0000,0.0000,0.0000,0.0000,0.0000,0.0000,0.0000,0.0000,0.0000,0.0000,0.0000,0.0000,0.0000,0.0000,0.0000,0.0000]}",gateway
DIRECT,1,1,4,1,80,67,256,128,146,health_monitor/node_1/cs_ppg,"{""ts"":241833,""hr"":88,""spo2"":98.0,""ppg_valid"":true,""finger"":true,""mean_ir"":75.0000,""ir"":[1.0000,4.0000,0.0000,80.0000,-45.0000,-59.0000,0.0000,0.0000,0.0000,0.0000,0.0000,0.0000,0.0000,0.0000,0.0000,0.0000,0.0000,0.0000,0.0000,0.0000,0.0000,0.0000,0.0000,0.0000,0.0000,0.0000,0.0000,0.0000,0.0000,0.0000,0.0000,0.0000]}",gateway
DIRECT,1,1,4,1,81,67,256,128,146,health_monitor/node_1/cs_ppg,"{""ts"":244846,""hr"":88,""spo2"":98.0,""ppg_valid"":true,""finger"":true,""mean_ir"":75.0000,""ir"":[1.0000,4.0000,0.0000,81.0000,-45.0000,-59.0000,0.0000,0.0000,0.0000,0.0000,0.0000,0.0000,0.0000,0.0000,0.0000,0.0000,0.0000,0.0000,0.0000,0.0000,0.0000,0.0000,0.0000,0.0000,0.0000,0.0000,0.0000,0.0000,0.0000,0.0000,0.0000,0.0000]}",gateway
DIRECT,1,1,4,1,82,67,256,128,146,health_monitor/node_1/cs_ppg,"{""ts"":247859,""hr"":88,""spo2"":98.0,""ppg_valid"":true,""finger"":true,""mean_ir"":75.0000,""ir"":[1.0000,4.0000,0.0000,82.0000,-45.0000,-59.0000,0.0000,0.0000,0.0000,0.0000,0.0000,0.0000,0.0000,0.0000,0.0000,0.0000,0.0000,0.0000,0.0000,0.0000,0.0000,0.0000,0.0000,0.0000,0.0000,0.0000,0.0000,0.0000,0.0000,0.0000,0.0000,0.0000]}",gateway
DIRECT,1,1,4,1,83,72,256,128,146,health_monitor/node_1/cs_ppg,"{""ts"":250883,""hr"":88,""spo2"":98.0,""ppg_valid"":true,""finger"":true,""mean_ir"":75.0000,""ir"":[1.0000,4.0000,0.0000,83.0000,-45.0000,-59.0000,0.0000,0.0000,0.0000,0.0000,0.0000,0.0000,0.0000,0.0000,0.0000,0.0000,0.0000,0.0000,0.0000,0.0000,0.0000,0.0000,0.0000,0.0000,0.0000,0.0000,0.0000,0.0000,0.0000,0.0000,0.0000,0.0000]}",gateway
DIRECT,1,1,4,1,84,66,256,128,146,health_monitor/node_1/cs_ppg,"{""ts"":253902,""hr"":88,""spo2"":98.0,""ppg_valid"":true,""finger"":true,""mean_ir"":75.0000,""ir"":[1.0000,4.0000,0.0000,84.0000,-45.0000,-59.0000,0.0000,0.0000,0.0000,0.0000,0.0000,0.0000,0.0000,0.0000,0.0000,0.0000,0.0000,0.0000,0.0000,0.0000,0.0000,0.0000,0.0000,0.0000,0.0000,0.0000,0.0000,0.0000,0.0000,0.0000,0.0000,0.0000]}",gateway
DIRECT,1,1,4,1,85,66,256,128,146,health_monitor/node_1/cs_ppg,"{""ts"":256915,""hr"":88,""spo2"":98.0,""ppg_valid"":true,""finger"":true,""mean_ir"":75.0000,""ir"":[1.0000,4.0000,0.0000,85.0000,-45.0000,-59.0000,0.0000,0.0000,0.0000,0.0000,0.0000,0.0000,0.0000,0.0000,0.0000,0.0000,0.0000,0.0000,0.0000,0.0000,0.0000,0.0000,0.0000,0.0000,0.0000,0.0000,0.0000,0.0000,0.0000,0.0000,0.0000,0.0000]}",gateway
DIRECT,1,1,4,1,86,66,256,128,146,health_monitor/node_1/cs_ppg,"{""ts"":259928,""hr"":88,""spo2"":98.0,""ppg_valid"":true,""finger"":true,""mean_ir"":75.0000,""ir"":[1.0000,4.0000,0.0000,86.0000,-45.0000,-59.0000,0.0000,0.0000,0.0000,0.0000,0.0000,0.0000,0.0000,0.0000,0.0000,0.0000,0.0000,0.0000,0.0000,0.0000,0.0000,0.0000,0.0000,0.0000,0.0000,0.0000,0.0000,0.0000,0.0000,0.0000,0.0000,0.0000]}",gateway
RELAYED,1,1,4,2,87,73,256,128,154,health_monitor/node_1/cs_ppg,"{""ts"":262941,""hr"":88,""spo2"":98.0,""ppg_valid"":true,""finger"":true,""mean_ir"":75.0000,""ir"":[1.0000,4.0000,1.0000,87.0000,-79.0000,-45.0000,0.0000,0.0000,0.0000,0.0000,0.0000,0.0000,0.0000,0.0000,0.0000,0.0000,0.0000,0.0000,0.0000,0.0000,0.0000,0.0000,0.0000,0.0000,0.0000,0.0000,0.0000,0.0000,0.0000,0.0000,0.0000,0.0000],""relayed_by"":2}",gateway
RELAYED,1,1,4,2,88,75,256,128,154,health_monitor/node_1/cs_ppg,"{""ts"":265959,""hr"":88,""spo2"":98.0,""ppg_valid"":true,""finger"":true,""mean_ir"":75.0000,""ir"":[1.0000,4.0000,1.0000,88.0000,-79.0000,-45.0000,0.0000,0.0000,0.0000,0.0000,0.0000,0.0000,0.0000,0.0000,0.0000,0.0000,0.0000,0.0000,0.0000,0.0000,0.0000,0.0000,0.0000,0.0000,0.0000,0.0000,0.0000,0.0000,0.0000,0.0000,0.0000,0.0000],""relayed_by"":2}",gateway
RELAYED,1,1,4,2,89,79,256,128,154,health_monitor/node_1/cs_ppg,"{""ts"":268972,""hr"":88,""spo2"":98.0,""ppg_valid"":true,""finger"":true,""mean_ir"":75.0000,""ir"":[1.0000,4.0000,1.0000,89.0000,-79.0000,-45.0000,0.0000,0.0000,0.0000,0.0000,0.0000,0.0000,0.0000,0.0000,0.0000,0.0000,0.0000,0.0000,0.0000,0.0000,0.0000,0.0000,0.0000,0.0000,0.0000,0.0000,0.0000,0.0000,0.0000,0.0000,0.0000,0.0000],""relayed_by"":2}",gateway
RELAYED,1,1,4,2,90,71,256,128,154,health_monitor/node_1/cs_ppg,"{""ts"":271987,""hr"":88,""spo2"":98.0,""ppg_valid"":true,""finger"":true,""mean_ir"":75.0000,""ir"":[1.0000,4.0000,1.0000,90.0000,-79.0000,-45.0000,0.0000,0.0000,0.0000,0.0000,0.0000,0.0000,0.0000,0.0000,0.0000,0.0000,0.0000,0.0000,0.0000,0.0000,0.0000,0.0000,0.0000,0.0000,0.0000,0.0000,0.0000,0.0000,0.0000,0.0000,0.0000,0.0000],""relayed_by"":2}",gateway
RELAYED,1,1,4,2,91,73,256,128,154,health_monitor/node_1/cs_ppg,"{""ts"":275012,""hr"":88,""spo2"":98.0,""ppg_valid"":true,""finger"":true,""mean_ir"":75.0000,""ir"":[1.0000,4.0000,1.0000,91.0000,-79.0000,-45.0000,0.0000,0.0000,0.0000,0.0000,0.0000,0.0000,0.0000,0.0000,0.0000,0.0000,0.0000,0.0000,0.0000,0.0000,0.0000,0.0000,0.0000,0.0000,0.0000,0.0000,0.0000,0.0000,0.0000,0.0000,0.0000,0.0000],""relayed_by"":2}",gateway
RELAYED,1,1,4,2,92,71,256,128,154,health_monitor/node_1/cs_ppg,"{""ts"":278027,""hr"":88,""spo2"":98.0,""ppg_valid"":true,""finger"":true,""mean_ir"":75.0000,""ir"":[1.0000,4.0000,1.0000,92.0000,-79.0000,-45.0000,0.0000,0.0000,0.0000,0.0000,0.0000,0.0000,0.0000,0.0000,0.0000,0.0000,0.0000,0.0000,0.0000,0.0000,0.0000,0.0000,0.0000,0.0000,0.0000,0.0000,0.0000,0.0000,0.0000,0.0000,0.0000,0.0000],""relayed_by"":2}",gateway
RELAYED,1,1,4,3,93,73,256,128,154,health_monitor/node_1/cs_ppg,"{""ts"":281040,""hr"":88,""spo2"":98.0,""ppg_valid"":true,""finger"":true,""mean_ir"":75.0000,""ir"":[1.0000,4.0000,2.0000,93.0000,-86.0000,-38.0000,0.0000,0.0000,0.0000,0.0000,0.0000,0.0000,0.0000,0.0000,0.0000,0.0000,0.0000,0.0000,0.0000,0.0000,0.0000,0.0000,0.0000,0.0000,0.0000,0.0000,0.0000,0.0000,0.0000,0.0000,0.0000,0.0000],""relayed_by"":2}",gateway
RELAYED,1,1,4,3,94,70,256,128,154,health_monitor/node_1/cs_ppg,"{""ts"":284058,""hr"":88,""spo2"":98.0,""ppg_valid"":true,""finger"":true,""mean_ir"":75.0000,""ir"":[1.0000,4.0000,2.0000,94.0000,-86.0000,-38.0000,0.0000,0.0000,0.0000,0.0000,0.0000,0.0000,0.0000,0.0000,0.0000,0.0000,0.0000,0.0000,0.0000,0.0000,0.0000,0.0000,0.0000,0.0000,0.0000,0.0000,0.0000,0.0000,0.0000,0.0000,0.0000,0.0000],""relayed_by"":2}",gateway
RELAYED,1,1,4,3,95,72,256,128,154,health_monitor/node_1/cs_ppg,"{""ts"":287071,""hr"":88,""spo2"":98.0,""ppg_valid"":true,""finger"":true,""mean_ir"":75.0000,""ir"":[1.0000,4.0000,2.0000,95.0000,-86.0000,-38.0000,0.0000,0.0000,0.0000,0.0000,0.0000,0.0000,0.0000,0.0000,0.0000,0.0000,0.0000,0.0000,0.0000,0.0000,0.0000,0.0000,0.0000,0.0000,0.0000,0.0000,0.0000,0.0000,0.0000,0.0000,0.0000,0.0000],""relayed_by"":2}",gateway
RELAYED,1,1,4,3,96,73,256,128,154,health_monitor/node_1/cs_ppg,"{""ts"":290095,""hr"":88,""spo2"":98.0,""ppg_valid"":true,""finger"":true,""mean_ir"":75.0000,""ir"":[1.0000,4.0000,2.0000,96.0000,-86.0000,-38.0000,0.0000,0.0000,0.0000,0.0000,0.0000,0.0000,0.0000,0.0000,0.0000,0.0000,0.0000,0.0000,0.0000,0.0000,0.0000,0.0000,0.0000,0.0000,0.0000,0.0000,0.0000,0.0000,0.0000,0.0000,0.0000,0.0000],""relayed_by"":2}",gateway
RELAYED,1,1,4,3,97,73,256,128,154,health_monitor/node_1/cs_ppg,"{""ts"":293112,""hr"":88,""spo2"":98.0,""ppg_valid"":true,""finger"":true,""mean_ir"":75.0000,""ir"":[1.0000,4.0000,2.0000,97.0000,-86.0000,-38.0000,0.0000,0.0000,0.0000,0.0000,0.0000,0.0000,0.0000,0.0000,0.0000,0.0000,0.0000,0.0000,0.0000,0.0000,0.0000,0.0000,0.0000,0.0000,0.0000,0.0000,0.0000,0.0000,0.0000,0.0000,0.0000,0.0000],""relayed_by"":2}",gateway
RELAYED,1,1,4,3,98,71,256,128,154,health_monitor/node_1/cs_ppg,"{""ts"":296128,""hr"":88,""spo2"":98.0,""ppg_valid"":true,""finger"":true,""mean_ir"":75.0000,""ir"":[1.0000,4.0000,2.0000,98.0000,-86.0000,-38.0000,0.0000,0.0000,0.0000,0.0000,0.0000,0.0000,0.0000,0.0000,0.0000,0.0000,0.0000,0.0000,0.0000,0.0000,0.0000,0.0000,0.0000,0.0000,0.0000,0.0000,0.0000,0.0000,0.0000,0.0000,0.0000,0.0000],""relayed_by"":2}",gateway
RELAYED,1,1,4,3,99,74,256,128,154,health_monitor/node_1/cs_ppg,"{""ts"":299144,""hr"":88,""spo2"":98.0,""ppg_valid"":true,""finger"":true,""mean_ir"":75.0000,""ir"":[1.0000,4.0000,2.0000,99.0000,-86.0000,-38.0000,0.0000,0.0000,0.0000,0.0000,0.0000,0.0000,0.0000,0.0000,0.0000,0.0000,0.0000,0.0000,0.0000,0.0000,0.0000,0.0000,0.0000,0.0000,0.0000,0.0000,0.0000,0.0000,0.0000,0.0000,0.0000,0.0000],""relayed_by"":2}",gateway
DIRECT,1,1,4,4,100,67,256,128,146,health_monitor/node_1/cs_ppg,"{""ts"":302160,""hr"":88,""spo2"":98.0,""ppg_valid"":true,""finger"":true,""mean_ir"":75.0000,""ir"":[1.0000,4.0000,3.0000,100.0000,-49.0000,-62.0000,0.0000,0.0000,0.0000,0.0000,0.0000,0.0000,0.0000,0.0000,0.0000,0.0000,0.0000,0.0000,0.0000,0.0000,0.0000,0.0000,0.0000,0.0000,0.0000,0.0000,0.0000,0.0000,0.0000,0.0000,0.0000,0.0000]}",gateway
DIRECT,1,1,4,4,101,67,256,128,146,health_monitor/node_1/cs_ppg,"{""ts"":305180,""hr"":88,""spo2"":98.0,""ppg_valid"":true,""finger"":true,""mean_ir"":75.0000,""ir"":[1.0000,4.0000,3.0000,101.0000,-49.0000,-62.0000,0.0000,0.0000,0.0000,0.0000,0.0000,0.0000,0.0000,0.0000,0.0000,0.0000,0.0000,0.0000,0.0000,0.0000,0.0000,0.0000,0.0000,0.0000,0.0000,0.0000,0.0000,0.0000,0.0000,0.0000,0.0000,0.0000]}",gateway
DIRECT,1,1,4,4,102,63,256,128,146,health_monitor/node_1/cs_ppg,"{""ts"":308196,""hr"":88,""spo2"":98.0,""ppg_valid"":true,""finger"":true,""mean_ir"":75.0000,""ir"":[1.0000,4.0000,3.0000,102.0000,-49.0000,-62.0000,0.0000,0.0000,0.0000,0.0000,0.0000,0.0000,0.0000,0.0000,0.0000,0.0000,0.0000,0.0000,0.0000,0.0000,0.0000,0.0000,0.0000,0.0000,0.0000,0.0000,0.0000,0.0000,0.0000,0.0000,0.0000,0.0000]}",gateway
DIRECT,1,1,4,4,103,63,256,128,146,health_monitor/node_1/cs_ppg,"{""ts"":311209,""hr"":88,""spo2"":98.0,""ppg_valid"":true,""finger"":true,""mean_ir"":75.0000,""ir"":[1.0000,4.0000,3.0000,103.0000,-49.0000,-62.0000,0.0000,0.0000,0.0000,0.0000,0.0000,0.0000,0.0000,0.0000,0.0000,0.0000,0.0000,0.0000,0.0000,0.0000,0.0000,0.0000,0.0000,0.0000,0.0000,0.0000,0.0000,0.0000,0.0000,0.0000,0.0000,0.0000]}",gateway
DIRECT,1,1,4,4,104,68,256,128,146,health_monitor/node_1/cs_ppg,"{""ts"":314222,""hr"":88,""spo2"":98.0,""ppg_valid"":true,""finger"":true,""mean_ir"":75.0000,""ir"":[1.0000,4.0000,3.0000,104.0000,-49.0000,-62.0000,0.0000,0.0000,0.0000,0.0000,0.0000,0.0000,0.0000,0.0000,0.0000,0.0000,0.0000,0.0000,0.0000,0.0000,0.0000,0.0000,0.0000,0.0000,0.0000,0.0000,0.0000,0.0000,0.0000,0.0000,0.0000,0.0000]}",gateway
DIRECT,1,1,4,4,105,67,256,128,146,health_monitor/node_1/cs_ppg,"{""ts"":317240,""hr"":88,""spo2"":98.0,""ppg_valid"":true,""finger"":true,""mean_ir"":75.0000,""ir"":[1.0000,4.0000,3.0000,105.0000,-49.0000,-62.0000,0.0000,0.0000,0.0000,0.0000,0.0000,0.0000,0.0000,0.0000,0.0000,0.0000,0.0000,0.0000,0.0000,0.0000,0.0000,0.0000,0.0000,0.0000,0.0000,0.0000,0.0000,0.0000,0.0000,0.0000,0.0000,0.0000]}",gateway
DIRECT,1,1,5,1,106,65,256,128,146,health_monitor/node_1/cs_ppg,"{""ts"":320257,""hr"":88,""spo2"":98.0,""ppg_valid"":true,""finger"":true,""mean_ir"":75.0000,""ir"":[1.0000,5.0000,0.0000,106.0000,-50.0000,-57.0000,0.0000,0.0000,0.0000,0.0000,0.0000,0.0000,0.0000,0.0000,0.0000,0.0000,0.0000,0.0000,0.0000,0.0000,0.0000,0.0000,0.0000,0.0000,0.0000,0.0000,0.0000,0.0000,0.0000,0.0000,0.0000,0.0000]}",gateway
DIRECT,1,1,5,1,107,66,256,128,146,health_monitor/node_1/cs_ppg,"{""ts"":323272,""hr"":88,""spo2"":98.0,""ppg_valid"":true,""finger"":true,""mean_ir"":75.0000,""ir"":[1.0000,5.0000,0.0000,107.0000,-50.0000,-57.0000,0.0000,0.0000,0.0000,0.0000,0.0000,0.0000,0.0000,0.0000,0.0000,0.0000,0.0000,0.0000,0.0000,0.0000,0.0000,0.0000,0.0000,0.0000,0.0000,0.0000,0.0000,0.0000,0.0000,0.0000,0.0000,0.0000]}",gateway
DIRECT,1,1,5,1,108,64,256,128,146,health_monitor/node_1/cs_ppg,"{""ts"":326288,""hr"":88,""spo2"":98.0,""ppg_valid"":true,""finger"":true,""mean_ir"":75.0000,""ir"":[1.0000,5.0000,0.0000,108.0000,-50.0000,-57.0000,0.0000,0.0000,0.0000,0.0000,0.0000,0.0000,0.0000,0.0000,0.0000,0.0000,0.0000,0.0000,0.0000,0.0000,0.0000,0.0000,0.0000,0.0000,0.0000,0.0000,0.0000,0.0000,0.0000,0.0000,0.0000,0.0000]}",gateway
DIRECT,1,1,5,1,109,63,256,128,146,health_monitor/node_1/cs_ppg,"{""ts"":329303,""hr"":88,""spo2"":98.0,""ppg_valid"":true,""finger"":true,""mean_ir"":75.0000,""ir"":[1.0000,5.0000,0.0000,109.0000,-50.0000,-57.0000,0.0000,0.0000,0.0000,0.0000,0.0000,0.0000,0.0000,0.0000,0.0000,0.0000,0.0000,0.0000,0.0000,0.0000,0.0000,0.0000,0.0000,0.0000,0.0000,0.0000,0.0000,0.0000,0.0000,0.0000,0.0000,0.0000]}",gateway
DIRECT,1,1,5,1,110,64,256,128,146,health_monitor/node_1/cs_ppg,"{""ts"":332316,""hr"":88,""spo2"":98.0,""ppg_valid"":true,""finger"":true,""mean_ir"":75.0000,""ir"":[1.0000,5.0000,0.0000,110.0000,-50.0000,-57.0000,0.0000,0.0000,0.0000,0.0000,0.0000,0.0000,0.0000,0.0000,0.0000,0.0000,0.0000,0.0000,0.0000,0.0000,0.0000,0.0000,0.0000,0.0000,0.0000,0.0000,0.0000,0.0000,0.0000,0.0000,0.0000,0.0000]}",gateway
DIRECT,1,1,5,1,111,64,256,128,146,health_monitor/node_1/cs_ppg,"{""ts"":335331,""hr"":88,""spo2"":98.0,""ppg_valid"":true,""finger"":true,""mean_ir"":75.0000,""ir"":[1.0000,5.0000,0.0000,111.0000,-50.0000,-57.0000,0.0000,0.0000,0.0000,0.0000,0.0000,0.0000,0.0000,0.0000,0.0000,0.0000,0.0000,0.0000,0.0000,0.0000,0.0000,0.0000,0.0000,0.0000,0.0000,0.0000,0.0000,0.0000,0.0000,0.0000,0.0000,0.0000]}",gateway
DIRECT,1,1,5,1,112,63,256,128,146,health_monitor/node_1/cs_ppg,"{""ts"":338346,""hr"":88,""spo2"":98.0,""ppg_valid"":true,""finger"":true,""mean_ir"":75.0000,""ir"":[1.0000,5.0000,0.0000,112.0000,-50.0000,-57.0000,0.0000,0.0000,0.0000,0.0000,0.0000,0.0000,0.0000,0.0000,0.0000,0.0000,0.0000,0.0000,0.0000,0.0000,0.0000,0.0000,0.0000,0.0000,0.0000,0.0000,0.0000,0.0000,0.0000,0.0000,0.0000,0.0000]}",gateway
RELAYED,1,1,5,2,113,71,256,128,154,health_monitor/node_1/cs_ppg,"{""ts"":341360,""hr"":88,""spo2"":98.0,""ppg_valid"":true,""finger"":true,""mean_ir"":75.0000,""ir"":[1.0000,5.0000,1.0000,113.0000,-83.0000,-42.0000,0.0000,0.0000,0.0000,0.0000,0.0000,0.0000,0.0000,0.0000,0.0000,0.0000,0.0000,0.0000,0.0000,0.0000,0.0000,0.0000,0.0000,0.0000,0.0000,0.0000,0.0000,0.0000,0.0000,0.0000,0.0000,0.0000],""relayed_by"":2}",gateway
RELAYED,1,1,5,2,114,74,256,128,154,health_monitor/node_1/cs_ppg,"{""ts"":344377,""hr"":88,""spo2"":98.0,""ppg_valid"":true,""finger"":true,""mean_ir"":75.0000,""ir"":[1.0000,5.0000,1.0000,114.0000,-83.0000,-42.0000,0.0000,0.0000,0.0000,0.0000,0.0000,0.0000,0.0000,0.0000,0.0000,0.0000,0.0000,0.0000,0.0000,0.0000,0.0000,0.0000,0.0000,0.0000,0.0000,0.0000,0.0000,0.0000,0.0000,0.0000,0.0000,0.0000],""relayed_by"":2}",gateway
RELAYED,1,1,5,2,115,73,256,128,154,health_monitor/node_1/cs_ppg,"{""ts"":347390,""hr"":88,""spo2"":98.0,""ppg_valid"":true,""finger"":true,""mean_ir"":75.0000,""ir"":[1.0000,5.0000,1.0000,115.0000,-83.0000,-42.0000,0.0000,0.0000,0.0000,0.0000,0.0000,0.0000,0.0000,0.0000,0.0000,0.0000,0.0000,0.0000,0.0000,0.0000,0.0000,0.0000,0.0000,0.0000,0.0000,0.0000,0.0000,0.0000,0.0000,0.0000,0.0000,0.0000],""relayed_by"":2}",gateway
RELAYED,1,1,5,2,116,71,256,128,154,health_monitor/node_1/cs_ppg,"{""ts"":350407,""hr"":88,""spo2"":98.0,""ppg_valid"":true,""finger"":true,""mean_ir"":75.0000,""ir"":[1.0000,5.0000,1.0000,116.0000,-83.0000,-42.0000,0.0000,0.0000,0.0000,0.0000,0.0000,0.0000,0.0000,0.0000,0.0000,0.0000,0.0000,0.0000,0.0000,0.0000,0.0000,0.0000,0.0000,0.0000,0.0000,0.0000,0.0000,0.0000,0.0000,0.0000,0.0000,0.0000],""relayed_by"":2}",gateway
RELAYED,1,1,5,2,117,75,256,128,154,health_monitor/node_1/cs_ppg,"{""ts"":353424,""hr"":88,""spo2"":98.0,""ppg_valid"":true,""finger"":true,""mean_ir"":75.0000,""ir"":[1.0000,5.0000,1.0000,117.0000,-83.0000,-42.0000,0.0000,0.0000,0.0000,0.0000,0.0000,0.0000,0.0000,0.0000,0.0000,0.0000,0.0000,0.0000,0.0000,0.0000,0.0000,0.0000,0.0000,0.0000,0.0000,0.0000,0.0000,0.0000,0.0000,0.0000,0.0000,0.0000],""relayed_by"":2}",gateway
RELAYED,1,1,5,2,118,67,256,128,154,health_monitor/node_1/cs_ppg,"{""ts"":356440,""hr"":88,""spo2"":98.0,""ppg_valid"":true,""finger"":true,""mean_ir"":75.0000,""ir"":[1.0000,5.0000,1.0000,118.0000,-83.0000,-42.0000,0.0000,0.0000,0.0000,0.0000,0.0000,0.0000,0.0000,0.0000,0.0000,0.0000,0.0000,0.0000,0.0000,0.0000,0.0000,0.0000,0.0000,0.0000,0.0000,0.0000,0.0000,0.0000,0.0000,0.0000,0.0000,0.0000],""relayed_by"":2}",gateway
RELAYED,1,1,5,2,119,70,256,128,154,health_monitor/node_1/cs_ppg,"{""ts"":359464,""hr"":88,""spo2"":98.0,""ppg_valid"":true,""finger"":true,""mean_ir"":75.0000,""ir"":[1.0000,5.0000,1.0000,119.0000,-83.0000,-42.0000,0.0000,0.0000,0.0000,0.0000,0.0000,0.0000,0.0000,0.0000,0.0000,0.0000,0.0000,0.0000,0.0000,0.0000,0.0000,0.0000,0.0000,0.0000,0.0000,0.0000,0.0000,0.0000,0.0000,0.0000,0.0000,0.0000],""relayed_by"":2}",gateway
RELAYED,1,1,5,3,120,66,256,128,154,health_monitor/node_1/cs_ppg,"{""ts"":362478,""hr"":88,""spo2"":98.0,""ppg_valid"":true,""finger"":true,""mean_ir"":75.0000,""ir"":[1.0000,5.0000,2.0000,120.0000,-84.0000,-38.0000,0.0000,0.0000,0.0000,0.0000,0.0000,0.0000,0.0000,0.0000,0.0000,0.0000,0.0000,0.0000,0.0000,0.0000,0.0000,0.0000,0.0000,0.0000,0.0000,0.0000,0.0000,0.0000,0.0000,0.0000,0.0000,0.0000],""relayed_by"":2}",gateway
RELAYED,1,1,5,3,121,66,256,128,154,health_monitor/node_1/cs_ppg,"{""ts"":365492,""hr"":88,""spo2"":98.0,""ppg_valid"":true,""finger"":true,""mean_ir"":75.0000,""ir"":[1.0000,5.0000,2.0000,121.0000,-84.0000,-38.0000,0.0000,0.0000,0.0000,0.0000,0.0000,0.0000,0.0000,0.0000,0.0000,0.0000,0.0000,0.0000,0.0000,0.0000,0.0000,0.0000,0.0000,0.0000,0.0000,0.0000,0.0000,0.0000,0.0000,0.0000,0.0000,0.0000],""relayed_by"":2}",gateway
RELAYED,1,1,5,3,122,70,256,128,154,health_monitor/node_1/cs_ppg,"{""ts"":368505,""hr"":88,""spo2"":98.0,""ppg_valid"":true,""finger"":true,""mean_ir"":75.0000,""ir"":[1.0000,5.0000,2.0000,122.0000,-84.0000,-38.0000,0.0000,0.0000,0.0000,0.0000,0.0000,0.0000,0.0000,0.0000,0.0000,0.0000,0.0000,0.0000,0.0000,0.0000,0.0000,0.0000,0.0000,0.0000,0.0000,0.0000,0.0000,0.0000,0.0000,0.0000,0.0000,0.0000],""relayed_by"":2}",gateway
RELAYED,1,1,5,3,123,65,256,128,154,health_monitor/node_1/cs_ppg,"{""ts"":371518,""hr"":88,""spo2"":98.0,""ppg_valid"":true,""finger"":true,""mean_ir"":75.0000,""ir"":[1.0000,5.0000,2.0000,123.0000,-84.0000,-38.0000,0.0000,0.0000,0.0000,0.0000,0.0000,0.0000,0.0000,0.0000,0.0000,0.0000,0.0000,0.0000,0.0000,0.0000,0.0000,0.0000,0.0000,0.0000,0.0000,0.0000,0.0000,0.0000,0.0000,0.0000,0.0000,0.0000],""relayed_by"":2}",gateway
RELAYED,1,1,5,3,124,66,256,128,154,health_monitor/node_1/cs_ppg,"{""ts"":374542,""hr"":88,""spo2"":98.0,""ppg_valid"":true,""finger"":true,""mean_ir"":75.0000,""ir"":[1.0000,5.0000,2.0000,124.0000,-84.0000,-38.0000,0.0000,0.0000,0.0000,0.0000,0.0000,0.0000,0.0000,0.0000,0.0000,0.0000,0.0000,0.0000,0.0000,0.0000,0.0000,0.0000,0.0000,0.0000,0.0000,0.0000,0.0000,0.0000,0.0000,0.0000,0.0000,0.0000],""relayed_by"":2}",gateway
RELAYED,1,1,5,3,125,67,256,128,154,health_monitor/node_1/cs_ppg,"{""ts"":377555,""hr"":88,""spo2"":98.0,""ppg_valid"":true,""finger"":true,""mean_ir"":75.0000,""ir"":[1.0000,5.0000,2.0000,125.0000,-84.0000,-38.0000,0.0000,0.0000,0.0000,0.0000,0.0000,0.0000,0.0000,0.0000,0.0000,0.0000,0.0000,0.0000,0.0000,0.0000,0.0000,0.0000,0.0000,0.0000,0.0000,0.0000,0.0000,0.0000,0.0000,0.0000,0.0000,0.0000],""relayed_by"":2}",gateway
RELAYED,1,1,5,4,126,64,256,128,154,health_monitor/node_1/cs_ppg,"{""ts"":380569,""hr"":88,""spo2"":98.0,""ppg_valid"":true,""finger"":true,""mean_ir"":75.0000,""ir"":[1.0000,5.0000,3.0000,126.0000,-49.0000,-61.0000,0.0000,0.0000,0.0000,0.0000,0.0000,0.0000,0.0000,0.0000,0.0000,0.0000,0.0000,0.0000,0.0000,0.0000,0.0000,0.0000,0.0000,0.0000,0.0000,0.0000,0.0000,0.0000,0.0000,0.0000,0.0000,0.0000],""relayed_by"":2}",gateway
DIRECT,1,1,5,4,127,60,256,128,146,health_monitor/node_1/cs_ppg,"{""ts"":383582,""hr"":88,""spo2"":98.0,""ppg_valid"":true,""finger"":true,""mean_ir"":75.0000,""ir"":[1.0000,5.0000,3.0000,127.0000,-49.0000,-61.0000,0.0000,0.0000,0.0000,0.0000,0.0000,0.0000,0.0000,0.0000,0.0000,0.0000,0.0000,0.0000,0.0000,0.0000,0.0000,0.0000,0.0000,0.0000,0.0000,0.0000,0.0000,0.0000,0.0000,0.0000,0.0000,0.0000]}",gateway
DIRECT,1,1,5,4,128,60,256,128,146,health_monitor/node_1/cs_ppg,"{""ts"":386595,""hr"":88,""spo2"":98.0,""ppg_valid"":true,""finger"":true,""mean_ir"":75.0000,""ir"":[1.0000,5.0000,3.0000,128.0000,-49.0000,-61.0000,0.0000,0.0000,0.0000,0.0000,0.0000,0.0000,0.0000,0.0000,0.0000,0.0000,0.0000,0.0000,0.0000,0.0000,0.0000,0.0000,0.0000,0.0000,0.0000,0.0000,0.0000,0.0000,0.0000,0.0000,0.0000,0.0000]}",gateway
DIRECT,1,1,5,4,129,63,256,128,146,health_monitor/node_1/cs_ppg,"{""ts"":389608,""hr"":88,""spo2"":98.0,""ppg_valid"":true,""finger"":true,""mean_ir"":75.0000,""ir"":[1.0000,5.0000,3.0000,129.0000,-49.0000,-61.0000,0.0000,0.0000,0.0000,0.0000,0.0000,0.0000,0.0000,0.0000,0.0000,0.0000,0.0000,0.0000,0.0000,0.0000,0.0000,0.0000,0.0000,0.0000,0.0000,0.0000,0.0000,0.0000,0.0000,0.0000,0.0000,0.0000]}",gateway
DIRECT,1,1,5,4,130,61,256,128,146,health_monitor/node_1/cs_ppg,"{""ts"":392624,""hr"":88,""spo2"":98.0,""ppg_valid"":true,""finger"":true,""mean_ir"":75.0000,""ir"":[1.0000,5.0000,3.0000,130.0000,-49.0000,-61.0000,0.0000,0.0000,0.0000,0.0000,0.0000,0.0000,0.0000,0.0000,0.0000,0.0000,0.0000,0.0000,0.0000,0.0000,0.0000,0.0000,0.0000,0.0000,0.0000,0.0000,0.0000,0.0000,0.0000,0.0000,0.0000,0.0000]}",gateway
DIRECT,1,1,5,4,131,62,256,128,146,health_monitor/node_1/cs_ppg,"{""ts"":395639,""hr"":88,""spo2"":98.0,""ppg_valid"":true,""finger"":true,""mean_ir"":75.0000,""ir"":[1.0000,5.0000,3.0000,131.0000,-49.0000,-61.0000,0.0000,0.0000,0.0000,0.0000,0.0000,0.0000,0.0000,0.0000,0.0000,0.0000,0.0000,0.0000,0.0000,0.0000,0.0000,0.0000,0.0000,0.0000,0.0000,0.0000,0.0000,0.0000,0.0000,0.0000,0.0000,0.0000]}",gateway
DIRECT,1,1,5,4,132,59,256,128,146,health_monitor/node_1/cs_ppg,"{""ts"":398654,""hr"":88,""spo2"":98.0,""ppg_valid"":true,""finger"":true,""mean_ir"":75.0000,""ir"":[1.0000,5.0000,3.0000,132.0000,-49.0000,-61.0000,0.0000,0.0000,0.0000,0.0000,0.0000,0.0000,0.0000,0.0000,0.0000,0.0000,0.0000,0.0000,0.0000,0.0000,0.0000,0.0000,0.0000,0.0000,0.0000,0.0000,0.0000,0.0000,0.0000,0.0000,0.0000,0.0000]}",gateway
